category,task,model,held_out_rule,n_test_rows,r2,mae,rmse
soft,general_shelf_life,ridge_regression,V7|PH_CHEESE,5654,0.899382896601911,5.373637539798768,8.056146214717376
soft,general_shelf_life,ridge_regression,V7|PLANT_REVIEW,2541,0.9024479481491786,5.395457987086217,8.861559097727918
soft,general_shelf_life,ridge_regression,V7|RICOTTA_MAP,283,-6.526624746209506,4.268948509277685,5.4222951059293
soft,general_shelf_life,ridge_regression,V7|NATAMYCIN_REVIEW,152,0.8951748687528112,5.730941683437047,9.268751483016665
soft,general_shelf_life,ridge_regression,V7|RICOTTA_MAP|PLANT_REVIEW,145,-5.736023441465923,4.843601870657491,5.636792753048267
soft,general_shelf_life,ridge_regression,V7|HMMC_NAT|NATAMYCIN_REVIEW,17,-7.959290925804286,4.349461488072583,5.313152648886103
soft,general_shelf_life,ridge_regression,V7|RICOTTA_MAP|NATAMYCIN_REVIEW,8,-22.739345628934746,4.819814590449502,4.965314595473282
soft,general_shelf_life,lightgbm_production_hparams,V7|PH_CHEESE,5654,0.9404726537375101,3.6951176190192654,6.196546250678196
soft,general_shelf_life,lightgbm_production_hparams,V7|PLANT_REVIEW,2541,0.9830628544277353,2.1790228624867587,3.692428071418501
soft,general_shelf_life,lightgbm_production_hparams,V7|RICOTTA_MAP,283,0.8308581121204253,0.6399598348387776,0.8128466215200582
soft,general_shelf_life,lightgbm_production_hparams,V7|NATAMYCIN_REVIEW,152,0.9843100662852811,2.353707994485673,3.5859075189384946
soft,general_shelf_life,lightgbm_production_hparams,V7|RICOTTA_MAP|PLANT_REVIEW,145,0.7667079723190661,0.7423414806443028,1.0490114329119706
soft,general_shelf_life,lightgbm_production_hparams,V7|HMMC_NAT|NATAMYCIN_REVIEW,17,0.5020774231289937,1.097258723537272,1.252553783680994
soft,general_shelf_life,lightgbm_production_hparams,V7|RICOTTA_MAP|NATAMYCIN_REVIEW,8,0.2544288198230479,0.79326867095145,0.8799478901349203
soft,safety_endpoint,ridge_regression,V7|FDA_LM|LM_CHALLENGE|MARKET_LM,1579,0.6918246556560375,7.416874675464676,9.469359277762877
soft,safety_endpoint,ridge_regression,V7|RISK_REVIEW|PH_CHEESE,1120,0.32498458485287396,9.655510974159721,11.564887867009595
soft,safety_endpoint,ridge_regression,V7|S_AUREUS|S_AUREUS_REVIEW|PH_CHEESE,539,0.27602125593997784,9.906317453031264,11.748832285694787
soft,safety_endpoint,ridge_regression,V7|RISK_REVIEW|PH_CHEESE|PLANT_REVIEW,484,0.32863253859311503,9.69930728124106,11.463768140235196
soft,safety_endpoint,ridge_regression,V7|FDA_LM|LM_CHALLENGE|MARKET_LM|PLANT_REVIEW,357,0.707981872633015,6.885848659376811,8.983219882411642
soft,safety_endpoint,ridge_regression,V7|S_AUREUS|S_AUREUS_REVIEW|PH_CHEESE|PLANT_REVIEW,313,0.25468057932310917,9.85186805257085,11.694058019491072
soft,safety_endpoint,ridge_regression,V7|FDA_LM|LM_CHALLENGE|MARKET_LM|RICOTTA_NISIN,116,0.3026800707891597,3.6988081476445376,5.36330471053663
soft,safety_endpoint,ridge_regression,V7|FDA_LM|LM_CHALLENGE|MARKET_LM|FETA_OREGANO,112,-0.005913033148121416,12.157023761136857,13.738067701905035
soft,safety_endpoint,ridge_regression,V7|FDA_LM|LM_CHALLENGE|MARKET_LM|QF_MARKET,96,0.27114408624604924,3.2864747769987326,4.058481461819566
soft,safety_endpoint,ridge_regression,V7|FETA_OREGANO|RISK_REVIEW|PH_CHEESE,58,-0.3036442379000637,10.513047779199395,12.682223883340903
soft,safety_endpoint,ridge_regression,V7|FETA_OREGANO|RISK_REVIEW|PH_CHEESE|PLANT_REVIEW,26,-0.04786495344808994,10.966557716770602,12.61291273685646
soft,safety_endpoint,lightgbm_production_hparams,V7|FDA_LM|LM_CHALLENGE|MARKET_LM,1579,0.798892568249573,5.310479869378506,7.649546860796537
soft,safety_endpoint,lightgbm_production_hparams,V7|RISK_REVIEW|PH_CHEESE,1120,0.6863488521731876,6.134361134821742,7.8832994082581145
soft,safety_endpoint,lightgbm_production_hparams,V7|S_AUREUS|S_AUREUS_REVIEW|PH_CHEESE,539,0.7054563145477055,5.97612079551446,7.4938786264594555
soft,safety_endpoint,lightgbm_production_hparams,V7|RISK_REVIEW|PH_CHEESE|PLANT_REVIEW,484,0.8626351118032372,4.075760219196367,5.18543408135943
soft,safety_endpoint,lightgbm_production_hparams,V7|FDA_LM|LM_CHALLENGE|MARKET_LM|PLANT_REVIEW,357,0.9510255009190033,2.6127745211840967,3.6788503822267047
soft,safety_endpoint,lightgbm_production_hparams,V7|S_AUREUS|S_AUREUS_REVIEW|PH_CHEESE|PLANT_REVIEW,313,0.8015412730266244,4.7671462962261115,6.034330961370289
soft,safety_endpoint,lightgbm_production_hparams,V7|FDA_LM|LM_CHALLENGE|MARKET_LM|RICOTTA_NISIN,116,0.5000711538124181,2.659841470570751,4.541198975570833
soft,safety_endpoint,lightgbm_production_hparams,V7|FDA_LM|LM_CHALLENGE|MARKET_LM|FETA_OREGANO,112,-0.1872050672124672,13.243268784378156,14.924792626042889
soft,safety_endpoint,lightgbm_production_hparams,V7|FDA_LM|LM_CHALLENGE|MARKET_LM|QF_MARKET,96,0.43196546428991733,2.839777006416932,3.5828621255257773
soft,safety_endpoint,lightgbm_production_hparams,V7|FETA_OREGANO|RISK_REVIEW|PH_CHEESE,58,0.19469630909453373,7.2624886745809585,9.967717380834939
soft,safety_endpoint,lightgbm_production_hparams,V7|FETA_OREGANO|RISK_REVIEW|PH_CHEESE|PLANT_REVIEW,26,0.8493047348790735,4.065332812685274,4.783133878730107
semi_hard,general_shelf_life,ridge_regression,V7|HARD_SEMI_REVIEW,3013,0.7923910373096591,8.697984715158173,11.070627517958604
semi_hard,general_shelf_life,ridge_regression,V7|HARD_SEMI_REVIEW|PLANT_REVIEW,2038,0.8163550668193369,8.626313114995007,11.861390123883554
semi_hard,general_shelf_life,ridge_regression,V7|CLOSTRIDIA|CLOSTRIDIA_GRANA|HARD_SEMI_REVIEW,620,0.33899644792336947,35.773407111797226,44.12705043644707
semi_hard,general_shelf_life,ridge_regression,V7|HARD_SEMI_REVIEW|SALOIO_COATING,346,-1.4629299943284675,8.357936173943246,9.808560907613055
semi_hard,general_shelf_life,ridge_regression,V7|HARD_SEMI_REVIEW|LMM_MAP,333,0.4959706184317596,9.886345361415746,11.64068380824984
semi_hard,general_shelf_life,ridge_regression,V7|HARD_SEMI_REVIEW|SALOIO_COATING|PLANT_REVIEW,292,-2.196646236442843,11.710820647757062,13.423378003154774
semi_hard,general_shelf_life,ridge_regression,V7|HARD_SEMI_REVIEW|LMM_MAP|PLANT_REVIEW,227,0.7074647947646048,7.809969029645706,10.080327892812017
semi_hard,general_shelf_life,ridge_regression,V7|HARD_SEMI_REVIEW|NATAMYCIN_REVIEW,157,0.892061164634086,7.115744274343411,9.55832773954391
semi_hard,general_shelf_life,ridge_regression,V7|CLOSTRIDIA|CLOSTRIDIA_GRANA|HARD_SEMI_REVIEW|SALOIO_COATING,76,0.05278313775018684,40.446406633800784,46.559777701290706
semi_hard,general_shelf_life,ridge_regression,V7|CLOSTRIDIA|CLOSTRIDIA_GRANA|HARD_SEMI_REVIEW|LMM_MAP,64,-0.10339066227715654,48.57299043829116,54.82360327081557
semi_hard,general_shelf_life,ridge_regression,V7|HARD_SEMI_REVIEW|SALOIO_COATING|NATAMYCIN_REVIEW,22,-0.4284886044255254,8.179171397707021,8.918582344226465
semi_hard,general_shelf_life,ridge_regression,V7|HARD_SEMI_REVIEW|LMM_MAP|NATAMYCIN_REVIEW,12,0.7558531469212086,4.657911208459949,6.135656965930291
semi_hard,general_shelf_life,lightgbm_production_hparams,V7|HARD_SEMI_REVIEW,3013,0.9162032580231818,5.424369197180684,7.03335852763521
semi_hard,general_shelf_life,lightgbm_production_hparams,V7|HARD_SEMI_REVIEW|PLANT_REVIEW,2038,0.9236863895522439,5.437425412869137,7.646225735567195
semi_hard,general_shelf_life,lightgbm_production_hparams,V7|CLOSTRIDIA|CLOSTRIDIA_GRANA|HARD_SEMI_REVIEW,620,0.6740600332152147,24.984861264500985,30.986449093287465
semi_hard,general_shelf_life,lightgbm_production_hparams,V7|HARD_SEMI_REVIEW|SALOIO_COATING,346,0.2790741197177793,4.5508326045792336,5.306700377723917
semi_hard,general_shelf_life,lightgbm_production_hparams,V7|HARD_SEMI_REVIEW|LMM_MAP,333,0.8651084706560057,4.875689479230503,6.022029868766064
semi_hard,general_shelf_life,lightgbm_production_hparams,V7|HARD_SEMI_REVIEW|SALOIO_COATING|PLANT_REVIEW,292,0.7723182600768506,2.8423973362764987,3.582437583865182
semi_hard,general_shelf_life,lightgbm_production_hparams,V7|HARD_SEMI_REVIEW|LMM_MAP|PLANT_REVIEW,227,0.8908628337983638,4.555410594134235,6.157039306042736
semi_hard,general_shelf_life,lightgbm_production_hparams,V7|HARD_SEMI_REVIEW|NATAMYCIN_REVIEW,157,0.9387886614784637,5.23974747960598,7.197952758803977
semi_hard,general_shelf_life,lightgbm_production_hparams,V7|CLOSTRIDIA|CLOSTRIDIA_GRANA|HARD_SEMI_REVIEW|SALOIO_COATING,76,0.6564865265706218,21.211904758757708,28.038713025082945
semi_hard,general_shelf_life,lightgbm_production_hparams,V7|CLOSTRIDIA|CLOSTRIDIA_GRANA|HARD_SEMI_REVIEW|LMM_MAP,64,0.6749967223640848,24.93887908129011,29.754098358068113
semi_hard,general_shelf_life,lightgbm_production_hparams,V7|HARD_SEMI_REVIEW|SALOIO_COATING|NATAMYCIN_REVIEW,22,0.8771271259193296,2.241331582547939,2.615685017501468
semi_hard,general_shelf_life,lightgbm_production_hparams,V7|HARD_SEMI_REVIEW|LMM_MAP|NATAMYCIN_REVIEW,12,0.9163009568025207,2.802834269431355,3.5924915247764755
semi_hard,safety_endpoint,ridge_regression,V7|FDA_LM|LM_CHALLENGE|MARKET_LM,1297,0.3817312197471018,13.880918782566225,16.524935273214933
semi_hard,safety_endpoint,ridge_regression,V7|RISK_REVIEW|PH_CHEESE,1046,-0.04813295813246876,15.166162731200327,17.9398560974305
semi_hard,safety_endpoint,ridge_regression,V7|S_AUREUS|S_AUREUS_REVIEW|PH_CHEESE,498,0.26937207921925455,15.781221170450783,18.274774894035005
semi_hard,safety_endpoint,ridge_regression,V7|RISK_REVIEW|PH_CHEESE|PLANT_REVIEW,482,-0.02018935884631179,14.346937270555584,17.094647935833763
semi_hard,safety_endpoint,ridge_regression,V7|FDA_LM|LM_CHALLENGE|MARKET_LM|PLANT_REVIEW,331,0.39141084180830665,13.643876359808203,16.239796435099898
semi_hard,safety_endpoint,ridge_regression,V7|S_AUREUS|S_AUREUS_REVIEW|PH_CHEESE|PLANT_REVIEW,270,0.23278997710026816,15.729978558993201,18.066320123802456
semi_hard,safety_endpoint,ridge_regression,V7|KASHAR_EO|RISK_REVIEW|PH_CHEESE,54,-0.04121634755031223,14.898677206710593,17.20866801378421
semi_hard,safety_endpoint,ridge_regression,V7|KASHAR_EO|RISK_REVIEW|PH_CHEESE|PLANT_REVIEW,22,-0.10479225320414765,14.806861328192072,16.78953501274318
semi_hard,safety_endpoint,lightgbm_production_hparams,V7|FDA_LM|LM_CHALLENGE|MARKET_LM,1297,0.6484760654635483,9.834590152792298,12.46030172271785
semi_hard,safety_endpoint,lightgbm_production_hparams,V7|RISK_REVIEW|PH_CHEESE,1046,0.5283407879550752,9.237470603925107,12.0344134237538
semi_hard,safety_endpoint,lightgbm_production_hparams,V7|S_AUREUS|S_AUREUS_REVIEW|PH_CHEESE,498,0.7236850204014171,8.807208869468345,11.238442257229297
semi_hard,safety_endpoint,lightgbm_production_hparams,V7|RISK_REVIEW|PH_CHEESE|PLANT_REVIEW,482,0.8511713016835258,5.141372828513032,6.529247147134338
semi_hard,safety_endpoint,lightgbm_production_hparams,V7|FDA_LM|LM_CHALLENGE|MARKET_LM|PLANT_REVIEW,331,0.9236857959055128,4.676541322930304,5.750705997455036
semi_hard,safety_endpoint,lightgbm_production_hparams,V7|S_AUREUS|S_AUREUS_REVIEW|PH_CHEESE|PLANT_REVIEW,270,0.8714899035910765,5.869797772080014,7.394029724903456
semi_hard,safety_endpoint,lightgbm_production_hparams,V7|KASHAR_EO|RISK_REVIEW|PH_CHEESE,54,0.48578781761867595,10.294113953101022,12.093386918771428
semi_hard,safety_endpoint,lightgbm_production_hparams,V7|KASHAR_EO|RISK_REVIEW|PH_CHEESE|PLANT_REVIEW,22,0.8649962611692643,5.41518460190261,5.869096582923067
hard,general_shelf_life,ridge_regression,V7|HARD_SEMI_REVIEW,2741,0.8111073822605868,7.8887791524574125,10.19826394320161
hard,general_shelf_life,ridge_regression,V7|HARD_SEMI_REVIEW|PLANT_REVIEW,2197,0.7200789541398516,10.767152972570399,13.61810044548497
hard,general_shelf_life,ridge_regression,V7|CLOSTRIDIA|CLOSTRIDIA_GRANA|HARD_SEMI_REVIEW,620,-0.28164577215384345,33.42954640642145,42.69001609904597
hard,general_shelf_life,ridge_regression,V7|HARD_SEMI_REVIEW|NATAMYCIN_REVIEW,170,0.8373642560532677,7.896813354471442,9.668341713798254
hard,general_shelf_life,ridge_regression,V7|HARD_SEMI_REVIEW|SHRED_NAT,135,-0.21033913801218307,7.631423770690873,9.110138471095649
hard,general_shelf_life,ridge_regression,V7|HARD_SEMI_REVIEW|SHRED_NAT|PLANT_REVIEW,97,-1.345019558914288,9.679876965854396,11.568877089148913
hard,general_shelf_life,ridge_regression,V7|CLOSTRIDIA|CLOSTRIDIA_GRANA|HARD_SEMI_REVIEW|SHRED_NAT,32,-0.11268102046029083,30.937205000927484,34.38331134687278
hard,general_shelf_life,ridge_regression,V7|HARD_SEMI_REVIEW|SHRED_NAT|NATAMYCIN_REVIEW,8,0.4442638956558985,4.794527342812479,6.5409955042004615
hard,general_shelf_life,lightgbm_production_hparams,V7|HARD_SEMI_REVIEW,2741,0.7530570180114122,9.658223042794999,11.660498013968065
hard,general_shelf_life,lightgbm_production_hparams,V7|HARD_SEMI_REVIEW|PLANT_REVIEW,2197,0.8362138725958361,8.017367374777594,10.416871679747556
hard,general_shelf_life,lightgbm_production_hparams,V7|CLOSTRIDIA|CLOSTRIDIA_GRANA|HARD_SEMI_REVIEW,620,-2.537189782997928,55.1582046303401,70.92045201303631
hard,general_shelf_life,lightgbm_production_hparams,V7|HARD_SEMI_REVIEW|NATAMYCIN_REVIEW,170,0.9248459025824939,5.152311983940625,6.572344550118316
hard,general_shelf_life,lightgbm_production_hparams,V7|HARD_SEMI_REVIEW|SHRED_NAT,135,-0.09266240875645515,7.315498439966401,8.655944052380281
hard,general_shelf_life,lightgbm_production_hparams,V7|HARD_SEMI_REVIEW|SHRED_NAT|PLANT_REVIEW,97,0.1643190533379285,5.540416826124624,6.906185234154577
hard,general_shelf_life,lightgbm_production_hparams,V7|CLOSTRIDIA|CLOSTRIDIA_GRANA|HARD_SEMI_REVIEW|SHRED_NAT,32,0.6812420927142866,15.639922871193448,18.40317870044921
hard,general_shelf_life,lightgbm_production_hparams,V7|HARD_SEMI_REVIEW|SHRED_NAT|NATAMYCIN_REVIEW,8,0.724592648224089,3.348331972472042,4.6046572525409095
hard,safety_endpoint,ridge_regression,V7|FDA_LM|LM_CHALLENGE|MARKET_LM,957,-0.06722182865860304,18.66512720798548,21.622895922710306
hard,safety_endpoint,ridge_regression,V7|RISK_REVIEW|PH_CHEESE,890,-0.08793517966459441,17.81315935988769,21.07809756485134
hard,safety_endpoint,ridge_regression,V7|RISK_REVIEW|PH_CHEESE|PLANT_REVIEW,406,-0.016461178791449038,17.335904652503313,20.30806253761671
hard,safety_endpoint,ridge_regression,V7|S_AUREUS|S_AUREUS_REVIEW|PH_CHEESE,300,0.004761997549259656,19.263608682166602,22.0285825393499
hard,safety_endpoint,ridge_regression,V7|FDA_LM|LM_CHALLENGE|MARKET_LM|PLANT_REVIEW,227,-0.008043741393712889,19.02561772884169,21.966066266283296
hard,safety_endpoint,ridge_regression,V7|S_AUREUS|S_AUREUS_REVIEW|PH_CHEESE|PLANT_REVIEW,160,-0.022329761369116463,19.505783776522854,21.901507715248965
hard,safety_endpoint,ridge_regression,V7|CHEDDAR_SALMONELLA|RISK_REVIEW|PH_CHEESE,102,-0.16148990557370757,19.72208364386433,22.941840372593262
hard,safety_endpoint,ridge_regression,V7|CHEDDAR_ECOLI|RISK_REVIEW|PH_CHEESE,80,-0.004480790420870129,17.693123780596558,20.857207256607968
hard,safety_endpoint,ridge_regression,V7|CHEDDAR_SALMONELLA|RISK_REVIEW|PH_CHEESE|PLANT_REVIEW,46,-0.08345821896371852,17.54928011923784,21.38590353727752
hard,safety_endpoint,ridge_regression,V7|CHEDDAR_ECOLI|RISK_REVIEW|PH_CHEESE|PLANT_REVIEW,32,0.05548607877303113,15.127287756898742,18.12867769655658
hard,safety_endpoint,lightgbm_production_hparams,V7|FDA_LM|LM_CHALLENGE|MARKET_LM,957,0.37484655887429386,12.789885975531606,16.549307331556584
hard,safety_endpoint,lightgbm_production_hparams,V7|RISK_REVIEW|PH_CHEESE,890,0.593769727643173,9.798374136130278,12.880005313907489
hard,safety_endpoint,lightgbm_production_hparams,V7|RISK_REVIEW|PH_CHEESE|PLANT_REVIEW,406,0.9129156767724438,4.693851914911959,5.9441954975528795
hard,safety_endpoint,lightgbm_production_hparams,V7|S_AUREUS|S_AUREUS_REVIEW|PH_CHEESE,300,0.7029722280203647,9.819306674769143,12.034321402911281
hard,safety_endpoint,lightgbm_production_hparams,V7|FDA_LM|LM_CHALLENGE|MARKET_LM|PLANT_REVIEW,227,0.899721589168788,5.38920084720179,6.928134687360686
hard,safety_endpoint,lightgbm_production_hparams,V7|S_AUREUS|S_AUREUS_REVIEW|PH_CHEESE|PLANT_REVIEW,160,0.8598011594625279,6.294460849042254,8.11055777039762
hard,safety_endpoint,lightgbm_production_hparams,V7|CHEDDAR_SALMONELLA|RISK_REVIEW|PH_CHEESE,102,0.4877503221539373,11.712447837544682,15.235663803092566
hard,safety_endpoint,lightgbm_production_hparams,V7|CHEDDAR_ECOLI|RISK_REVIEW|PH_CHEESE,80,0.42859514016242406,11.711749491341909,15.731035231655948
hard,safety_endpoint,lightgbm_production_hparams,V7|CHEDDAR_SALMONELLA|RISK_REVIEW|PH_CHEESE|PLANT_REVIEW,46,0.880244472917047,5.369612288701176,7.109995119914785
hard,safety_endpoint,lightgbm_production_hparams,V7|CHEDDAR_ECOLI|RISK_REVIEW|PH_CHEESE|PLANT_REVIEW,32,0.9273224848047121,3.918479159151794,5.028772415984999
