granularity,category,task,model,validation_split_used,train_r2,train_rmse,train_mae,val_r2,val_rmse,test_r2,test_rmse,test_mae,overfit_gap_train_minus_test_r2,n_fit,n_val,n_test,training_duration_sec
per_category_specialist,soft,general_shelf_life,ridge_regression,True,0.9270358040379258,6.864320918192976,4.42901528003823,0.9242745579517639,7.31622822476365,0.9095504416119965,8.609533667008131,5.188769843813715,0.01748536242592935,6160,1320,1320,0.056488037109375
per_category_specialist,soft,general_shelf_life,ridge_regression,False,0.9270688486198179,6.91980190935791,4.451972950807099,0.9295465618150796,7.056956361538543,0.9109137984698679,8.544401039120688,5.158679305729663,0.01615505014995,7480,1320,1320,0.06459164619445801
per_category_specialist,soft,general_shelf_life,shallow_decision_tree,True,0.9208921015286491,7.147474300752575,4.668510073385071,0.9102356610707654,7.965595602508312,0.9258245819519428,7.7966206633650925,4.887166168045812,-0.00493248042329375,6160,1320,1320,0.05000114440917969
per_category_specialist,soft,general_shelf_life,shallow_decision_tree,False,0.9190846869817946,7.288740469245129,4.67584656349816,0.9111392312927068,7.925403253830806,0.9239330628493748,7.895404195453798,4.939805763588414,-0.004848375867580246,7480,1320,1320,0.11465072631835938
per_category_specialist,soft,general_shelf_life,shallow_random_forest,True,0.9533992296091199,5.485790612200824,3.5918659264456787,0.9344395228856047,6.807495903477168,0.9344158499277313,7.331213219556174,4.268409565511,0.018983379681388635,6160,1320,1320,0.8042948246002197
per_category_specialist,soft,general_shelf_life,shallow_random_forest,False,0.9520812195450445,5.609058965747246,3.6661587156618323,0.9552158854718864,5.626370558020249,0.9411652370868168,6.9437393008526875,4.139691515986002,0.01091598245822778,7480,1320,1320,0.8600256443023682
per_category_specialist,soft,general_shelf_life,small_mlp,True,0.9839326483072001,3.221178774523841,1.9954821626854582,0.9792295507277211,3.8316804331304373,0.9717713850917777,4.809735431355138,2.6125554387265835,0.012161263215422324,6160,1320,1320,8.421679019927979
per_category_specialist,soft,general_shelf_life,small_mlp,False,0.9829599570223623,3.34481783436558,2.045680102926123,0.9849855952452997,3.257769819256959,0.9724586910824554,4.750821262572085,2.5280554947366607,0.010501265939906856,7480,1320,1320,7.891385555267334
per_category_specialist,soft,safety_endpoint,ridge_regression,True,0.6031413961790189,10.273733966879767,8.266998461650195,0.6008573475768312,10.315856715376274,0.5715037046078398,10.625831941728169,8.257008249034598,0.031637691571179016,3360,720,720,0.03623700141906738
per_category_specialist,soft,safety_endpoint,ridge_regression,False,0.6055243616660951,10.2472554758257,8.21911644199717,0.6284969857545166,9.952275797249582,0.5649730135779882,10.706499632764611,8.325170025277144,0.0405513480881069,4080,720,720,0.04708099365234375
per_category_specialist,soft,safety_endpoint,shallow_decision_tree,True,0.6254768470482426,9.980441446251591,7.8329256616323875,0.5355329219510665,11.128040557578986,0.5413435383186052,10.993428729614577,8.419612641696899,0.08413330872963742,3360,720,720,0.024820804595947266
per_category_specialist,soft,safety_endpoint,shallow_decision_tree,False,0.6265442873247402,9.970501968287937,7.802541368154623,0.6316875406500115,9.909447406173904,0.5519614815005511,10.865434130109312,8.248564399188696,0.07458280582418908,4080,720,720,0.028640270233154297
per_category_specialist,soft,safety_endpoint,shallow_random_forest,True,0.6738677045747192,9.31337991456805,7.2985865484043035,0.6001731720163224,10.324694201305192,0.5874675441332328,10.426017946750594,7.905870719631424,0.08640016044148646,3360,720,720,0.42158985137939453
per_category_specialist,soft,safety_endpoint,shallow_random_forest,False,0.6741913550068312,9.31276774060054,7.294305830754606,0.6766349112701417,9.285125904715883,0.5940636429099102,10.342329787034812,7.925870571236056,0.08012771209692104,4080,720,720,0.43630337715148926
per_category_specialist,soft,safety_endpoint,small_mlp,True,0.773708877621757,7.7578999402389,5.940037359255177,0.4349189673326571,12.27429612889538,0.48269630361658544,11.675142711502032,8.921594583601474,0.29101257400517155,3360,720,720,10.332377195358276
per_category_specialist,soft,safety_endpoint,small_mlp,False,0.7574653797102044,8.034971489192522,6.096181806697684,0.7417365772576219,8.297985716971539,0.4542769890089222,11.991556012547639,9.02460889701855,0.30318839070128223,4080,720,720,12.988586902618408
per_category_specialist,semi_hard,general_shelf_life,ridge_regression,True,0.9018228796226897,15.232763363767837,9.33869802749751,0.8873337234767978,16.441376336549027,0.8664811191144388,17.28569592743259,10.143155940174259,0.035341760508250886,5040,1080,1080,0.0524897575378418
per_category_specialist,semi_hard,general_shelf_life,ridge_regression,False,0.8998560254439678,15.405478460830686,9.379131110467222,0.8934782019719889,15.986759576087705,0.867945498733236,17.19064341874347,10.129373373500323,0.0319105267107318,6120,1080,1080,0.0535435676574707
per_category_specialist,semi_hard,general_shelf_life,shallow_decision_tree,True,0.9024688181307898,15.182570070022683,11.44511829765176,0.8861819281180608,16.5252033188944,0.8160533343931187,20.289039477621948,15.384905809188483,0.08641548373767116,5040,1080,1080,0.05128669738769531
per_category_specialist,semi_hard,general_shelf_life,shallow_decision_tree,False,0.9004584063354424,15.359075453995091,11.611260229582186,0.8952498255487896,15.8532598032404,0.8216035938183622,19.980602406770643,15.21356217109995,0.07885481251708015,6120,1080,1080,0.049985408782958984
per_category_specialist,semi_hard,general_shelf_life,shallow_random_forest,True,0.9312275263884938,12.749139504912293,9.544294897494694,0.9036574479591623,15.203734345294299,0.8640953452884945,17.43944634025329,12.73137391761872,0.0671321810999993,5040,1080,1080,0.5790438652038574
per_category_specialist,semi_hard,general_shelf_life,shallow_random_forest,False,0.9271845400543526,13.136345965771818,9.793492616039037,0.9229274135968348,13.598505025148896,0.864187647725362,17.433523155330477,12.747231090890876,0.06299689232899053,6120,1080,1080,0.6581254005432129
per_category_specialist,semi_hard,general_shelf_life,small_mlp,True,0.9613710297104838,9.554987350264893,6.182159309108689,0.9284479385961053,13.102442864461322,0.9328893908683825,12.25493797804411,7.870732141792996,0.02848163884210131,5040,1080,1080,9.462862968444824
per_category_specialist,semi_hard,general_shelf_life,small_mlp,False,0.9578565815047775,9.9937310960775,6.491615171903115,0.9529742374846362,10.622069106681751,0.9344580970463872,12.11086186305809,7.897825050147212,0.023398484458390323,6120,1080,1080,12.597189664840698
per_category_specialist,semi_hard,safety_endpoint,ridge_regression,True,0.2764387148385776,17.068735231835955,14.563223445598956,0.046816377898403094,17.95815843158976,0.3446539023670817,15.72723374742946,12.841527153356397,-0.06821518752850408,2800,600,600,0.007457733154296875
per_category_specialist,semi_hard,safety_endpoint,ridge_regression,False,0.2516046675759104,17.118324130628977,14.631474938558243,0.16232822367548427,16.83489664386345,0.36682417220883523,15.458919872875548,12.72327191603913,-0.11521950463292485,3400,600,600,0.008334875106811523
per_category_specialist,semi_hard,safety_endpoint,shallow_decision_tree,True,0.29689751723100144,16.825694401949452,14.325496778903576,0.018920617091503167,18.219044119735127,0.4016231209400949,15.028110678296922,12.256592979346582,-0.10472560370909345,2800,600,600,0.021893739700317383
per_category_specialist,semi_hard,safety_endpoint,shallow_decision_tree,False,0.26267835548701146,16.991205863199838,14.499469327816382,0.19588656804258464,16.49423474979916,0.3079468610702897,16.16168746556952,13.250468764703095,-0.04526850558327822,3400,600,600,0.02490377426147461
per_category_specialist,semi_hard,safety_endpoint,shallow_random_forest,True,0.36786048220729983,15.954020707164375,13.622876562684977,0.1057707297638838,17.393939435088733,0.37335078239204256,15.37904025159448,12.566432981933566,-0.005490300184742725,2800,600,600,0.36663079261779785
per_category_specialist,semi_hard,safety_endpoint,shallow_random_forest,False,0.3187232483270831,16.33268156388158,13.937114110960414,0.23872315628991114,16.048883437642203,0.36167401101269236,15.521662862054773,12.730533150205869,-0.04295076268560927,3400,600,600,0.43230319023132324
per_category_specialist,semi_hard,safety_endpoint,small_mlp,True,0.3247209326400018,16.489417900621547,13.949028180202635,0.06456917790103955,17.790139383850263,0.30142826838880743,16.23762421913921,13.178312504563205,0.02329266425119436,2800,600,600,3.5091681480407715
per_category_specialist,semi_hard,safety_endpoint,small_mlp,False,0.49300161388768005,14.089610865116688,11.553494460032676,0.4222245218573365,13.981477423065488,0.2628308653294861,16.680173137076768,13.851580720466936,0.23017074855819397,3400,600,600,13.4509756565094
per_category_specialist,hard,general_shelf_life,ridge_regression,True,0.9157863336829606,13.002007556915194,8.420633017307248,0.8991006091702749,13.399066292978613,0.9286825628609549,11.576793451077233,7.778283943928559,-0.012896229177994267,4200,900,900,0.053664207458496094
per_category_specialist,hard,general_shelf_life,ridge_regression,False,0.9138254551110537,13.031456230353598,8.534596110667147,0.9058399078687276,12.943856844035993,0.929742660902267,11.490429688064399,7.785767855438895,-0.01591720579121325,5100,900,900,0.042287588119506836
per_category_specialist,hard,general_shelf_life,shallow_decision_tree,True,0.8875885425187506,15.021884411638553,11.493549961499005,0.8070936443130922,18.526933044945462,0.8606237426339385,16.183960881083568,11.85172677348882,0.02696479988481215,4200,900,900,0.04892444610595703
per_category_specialist,hard,general_shelf_life,shallow_decision_tree,False,0.8819899199668831,15.249759791378391,11.67543992095636,0.8586381495892625,15.859751359953462,0.8754484651183833,15.2990675704729,11.430919029453136,0.006541454848499884,5100,900,900,0.04019951820373535
per_category_specialist,hard,general_shelf_life,shallow_random_forest,True,0.9206565838675519,12.620442256179878,9.545905850029417,0.8732432628632283,15.018127582075902,0.9000221485254987,13.706997090850727,9.882715656372534,0.020634435342053226,4200,900,900,0.44997644424438477
per_category_specialist,hard,general_shelf_life,shallow_random_forest,False,0.916600655735902,12.819903863628719,9.828359576570518,0.8968720759171733,13.546228639691957,0.9032363766415933,13.484861243705598,9.757281219583929,0.013364279094308706,5100,900,900,0.553194522857666
per_category_specialist,hard,general_shelf_life,small_mlp,True,0.950918900521213,9.926045645491806,7.051614714044356,0.9198445800193878,11.942540168644273,0.9391472549284599,10.693761843462243,7.06582986378716,0.011771645592753122,4200,900,900,7.771500587463379
per_category_specialist,hard,general_shelf_life,small_mlp,False,0.9483469055076337,10.089081327291535,7.146735405549119,0.9347547317944516,10.774689757183943,0.939301539309404,10.680196904713428,7.1318180176987696,0.00904536619822971,5100,900,900,8.461314916610718
per_category_specialist,hard,safety_endpoint,ridge_regression,True,0.0397572923851095,20.63128702691245,17.654370558014026,-0.061556284874194844,20.55667370811404,-0.055061839469838336,21.433234698497024,18.115419562393306,0.09481913185494784,2240,480,480,0.005089998245239258
per_category_specialist,hard,safety_endpoint,ridge_regression,False,0.03278867278190445,20.51894590192025,17.617428193883974,0.04111765670190892,19.537275037765816,-0.04841352460030901,21.365598814398506,18.08269305850989,0.08120219738221346,2720,480,480,0.0056285858154296875
per_category_specialist,hard,safety_endpoint,shallow_decision_tree,True,0.1325325329211079,19.609314431391,16.699171535264394,-0.13961583993722093,21.299066428261696,-0.2244968244974268,23.09019462416742,19.39241945283351,0.3570293574185347,2240,480,480,0.015328645706176758
per_category_specialist,hard,safety_endpoint,shallow_decision_tree,False,0.10813625724605314,19.703510689695747,16.73582820848703,0.0957308633259184,18.97274561157416,-0.21188543849010655,22.970981155966374,18.74043748493716,0.3200216957361597,2720,480,480,0.017844676971435547
per_category_specialist,hard,safety_endpoint,shallow_random_forest,True,0.29803558159185695,17.639788014792767,15.09198868093377,-0.030599748460503617,20.254724742693384,-0.07912998424481832,21.676324398662004,18.15481339784544,0.37716556583667527,2240,480,480,0.28174924850463867
per_category_specialist,hard,safety_endpoint,shallow_random_forest,False,0.2718581240872804,17.803375982311884,15.197819205968724,0.26115281407240243,17.149783478368246,-0.06837174491704068,21.568004170329466,17.968860936021397,0.34022986900432106,2720,480,480,0.3066389560699463
per_category_specialist,hard,safety_endpoint,small_mlp,True,0.030785498631849095,20.727444644320453,17.816823737351108,-0.03230294704452641,20.27145460183525,-0.0565678038157178,21.44852582941584,18.168483650940097,0.0873533024475669,2240,480,480,1.084062099456787
per_category_specialist,hard,safety_endpoint,small_mlp,False,0.02732311705437762,20.576838863579752,17.686644679979278,0.02682124329700586,19.68238123938499,-0.03662971041319718,21.24518845535737,17.982745834352794,0.0639528274675748,2720,480,480,1.373896837234497
aggregated_all_categories,ALL,general_shelf_life,ridge_regression,True,0.9292999978972635,12.795563303242936,8.295379730123017,0.9215711424599969,13.813217723491183,0.9107642337487405,14.602094068706965,8.836475412232723,0.018535764148522982,15400,3300,3300,0.3044698238372803
aggregated_all_categories,ALL,general_shelf_life,ridge_regression,False,0.9281938506639983,12.952719556804388,8.417185558480272,0.9247193552809014,13.533140097412263,0.9102004064787498,14.648152365531562,8.873693632150696,0.01799344418524851,18700,3300,3300,1.119915246963501
aggregated_all_categories,ALL,general_shelf_life,shallow_decision_tree,True,0.8342447956075256,19.592203498169756,13.977608429662526,0.8226026189916,20.77449687926917,0.8419624961271123,19.432368795337855,14.160000280598775,-0.0077177005195866455,15400,3300,3300,0.3109574317932129
aggregated_all_categories,ALL,general_shelf_life,shallow_decision_tree,False,0.8305527873120031,19.89744707853479,13.946280623528676,0.8398211088891698,19.74056389312162,0.843389678117541,19.3444263026106,13.818495280961612,-0.012836890805537848,18700,3300,3300,0.23617839813232422
aggregated_all_categories,ALL,general_shelf_life,shallow_random_forest,True,0.879265274730013,16.72113662733309,11.646274420460184,0.8701920493837545,17.77082374747275,0.8831821482858331,16.70706918053499,11.954600010302762,-0.003916873555820044,15400,3300,3300,5.231761455535889
aggregated_all_categories,ALL,general_shelf_life,shallow_random_forest,False,0.8789765592780421,16.81569770798797,11.665152966044205,0.8835043658500985,16.834946389786726,0.8845881699122674,16.60622152818814,11.841819183656657,-0.005611610634225328,18700,3300,3300,4.314697265625
aggregated_all_categories,ALL,general_shelf_life,small_mlp,True,0.9712672130565851,8.157152331199027,5.015343307443901,0.9597949680873278,9.890018828601033,0.9590421655787006,9.89268444554147,5.772132691393004,0.012225047477884554,15400,3300,3300,16.749279737472534
aggregated_all_categories,ALL,general_shelf_life,small_mlp,False,0.9709455783546523,8.239223067284543,5.117473028199683,0.9683827769357531,8.7703873450196,0.961285169076599,9.617990566331352,5.711914127059829,0.009660409278053339,18700,3300,3300,16.359130144119263
aggregated_all_categories,ALL,safety_endpoint,ridge_regression,True,0.6798529828471391,16.01058101021832,12.989159446542631,0.6312533533841058,16.272192846333606,0.6310144219010112,16.319759264840048,13.262230987648357,0.04883856094612793,8400,1800,1800,0.11054873466491699
aggregated_all_categories,ALL,safety_endpoint,ridge_regression,False,0.6740400816828802,16.007697271692283,13.019527170088432,0.6536582039394883,15.770101740615122,0.635022170606312,16.230888493144953,13.145289609985145,0.03901791107656816,10200,1800,1800,0.5050160884857178
aggregated_all_categories,ALL,safety_endpoint,shallow_decision_tree,True,0.6843767581134685,15.897061363485822,12.861085677622857,0.6356290197893532,16.17535918509714,0.6374672381823719,16.17642996820208,12.917171260476898,0.0469095199310966,8400,1800,1800,0.13900256156921387
aggregated_all_categories,ALL,safety_endpoint,shallow_decision_tree,False,0.6792352775044752,15.879618402165129,12.876943541081324,0.6523843503138618,15.799076533179838,0.6311286714150376,16.317232514437197,12.977959567026495,0.04810660608943762,10200,1800,1800,0.09724855422973633
aggregated_all_categories,ALL,safety_endpoint,shallow_random_forest,True,0.708781555828615,15.270097186829965,12.292501687858678,0.6261871999636208,16.383592103726425,0.6384508557883408,16.154470258198433,12.885718255258148,0.0703307000402742,8400,1800,1800,1.018826961517334
aggregated_all_categories,ALL,safety_endpoint,shallow_random_forest,False,0.6991317135717056,15.379243341265807,12.381392122578522,0.6723723277007951,15.338127053843415,0.6422792193207274,16.068714594549352,12.789088260224188,0.05685249425097816,10200,1800,1800,1.0815274715423584
aggregated_all_categories,ALL,safety_endpoint,small_mlp,True,0.6832221962200049,15.926110851019033,12.872367236239464,0.6299522779969113,16.300874744292713,0.6307251836335568,16.326154330809313,13.20170739605582,0.05249701258644812,8400,1800,1800,3.2704646587371826
aggregated_all_categories,ALL,safety_endpoint,small_mlp,False,0.7175868636030234,14.900100901937822,11.872123772240847,0.6995858446273227,14.68730924250959,0.6065593256416355,16.851892498913895,13.205665962178582,0.11102753796138787,10200,1800,1800,18.33214569091797
