category,task,model,fold,held_out_rule,n_train_rows,n_test_rows,n_train_rules,r2,mae,rmse,y_test_mean,y_test_std,y_test_min,y_test_max,y_train_mean,y_train_std,pred_mean,pred_std,mean_signed_error,duration_sec
soft,general_shelf_life,random_forest,0,V7|PH_CHEESE,3146,5654,6,0.9384709684398207,3.7958444048999693,6.299868354985581,24.41795719844358,25.397527225981847,1.5,156.51,24.76129688493325,27.307367434120113,27.241480552932167,27.39879277296966,2.823523354488585,3.5858311653137207
soft,general_shelf_life,lightgbm,0,V7|PH_CHEESE,3146,5654,6,0.9431635133210435,3.617087439997591,6.054873117491513,24.41795719844358,25.397527225981847,1.5,156.51,24.76129688493325,27.307367434120113,27.42080468326599,28.009912001084857,3.002847484822415,6.803279161453247
soft,general_shelf_life,xgboost,0,V7|PH_CHEESE,3146,5654,6,0.9391739216786152,3.8001352975045495,6.263777795957532,24.41795719844358,25.397527225981847,1.5,156.51,24.76129688493325,27.307367434120113,27.576759338378906,28.08445167541504,3.1588038961323153,1.782092571258545
soft,general_shelf_life,random_forest,1,V7|PLANT_REVIEW,6259,2541,6,0.976167600527582,2.443800329276412,4.380017228534508,27.57720188902007,28.37212952820327,1.82,145.7,23.307956542578687,25.00941472818191,25.71127660142795,26.09566764360584,-1.8659252875921237,7.017651081085205
soft,general_shelf_life,lightgbm,1,V7|PLANT_REVIEW,6259,2541,6,0.9853970842061949,1.9368983206580732,3.4285597654089446,27.57720188902007,28.37212952820327,1.82,145.7,23.307956542578687,25.00941472818191,26.442782985395834,26.903487829460353,-1.134418903624235,7.9025468826293945
soft,general_shelf_life,xgboost,1,V7|PLANT_REVIEW,6259,2541,6,0.9824120586121504,2.2566779683678697,3.762698659672729,27.57720188902007,28.37212952820327,1.82,145.7,23.307956542578687,25.00941472818191,26.174156188964844,26.72226905822754,-1.4030435576658462,1.12337327003479
soft,general_shelf_life,random_forest,2,V7|RICOTTA_MAP,8517,283,6,0.7239497185028405,0.859209930708524,1.0384297346450304,6.3459363957597175,1.976437193998389,3.06,11.97,25.14527063520019,26.30933223008521,6.978197238089502,1.9798585544448015,0.6322608423297842,9.201909065246582
soft,general_shelf_life,lightgbm,2,V7|RICOTTA_MAP,8517,283,6,0.8924707239768022,0.5016164788282013,0.6481065028925909,6.3459363957597175,1.976437193998389,3.06,11.97,25.14527063520019,26.30933223008521,6.387390467311799,2.0624221348411567,0.04145407155208132,8.108288288116455
soft,general_shelf_life,xgboost,2,V7|RICOTTA_MAP,8517,283,6,0.8057165711802217,0.6840490054073266,0.8711659609973215,6.3459363957597175,1.976437193998389,3.06,11.97,25.14527063520019,26.30933223008521,6.559779167175293,1.9325443506240845,0.21384262482606056,1.2126824855804443
soft,general_shelf_life,random_forest,3,V7|NATAMYCIN_REVIEW,8648,152,6,0.9772743333566575,2.7542920822844876,4.31565626323131,31.38934210526316,28.627836648027074,2.76,137.0,24.420327243293247,26.034080656706614,28.811023427845,25.882158318300675,-2.5783186774181557,9.574062585830688
soft,general_shelf_life,lightgbm,3,V7|NATAMYCIN_REVIEW,8648,152,6,0.9885476619580678,1.9423277771097816,3.063625035146375,31.38934210526316,28.627836648027074,2.76,137.0,24.420327243293247,26.034080656706614,30.64674577089265,26.453555029354856,-0.7425963343705136,5.348530054092407
soft,general_shelf_life,xgboost,3,V7|NATAMYCIN_REVIEW,8648,152,6,0.9826302759207183,2.4321557129056828,3.7729842325866034,31.38934210526316,28.627836648027074,2.76,137.0,24.420327243293247,26.034080656706614,29.595125198364258,26.47800064086914,-1.7942166967140998,1.2812042236328125
soft,general_shelf_life,random_forest,4,V7|RICOTTA_MAP|PLANT_REVIEW,8655,145,6,0.8749542884722619,0.5651214824289693,0.7680061072787122,7.207379310344827,2.1718522273633103,3.52,13.69,24.831091854419412,26.215638118977918,6.7196394517029905,1.9155859916016293,-0.4877398586418369,11.075839519500732
soft,general_shelf_life,lightgbm,4,V7|RICOTTA_MAP|PLANT_REVIEW,8655,145,6,0.8770413450917389,0.5430576968439266,0.761569993887047,7.207379310344827,2.1718522273633103,3.52,13.69,24.831091854419412,26.215638118977918,7.34093696760338,2.0602651223234294,0.13355765725855231,8.396045446395874
soft,general_shelf_life,xgboost,4,V7|RICOTTA_MAP|PLANT_REVIEW,8655,145,6,0.7486762116195875,0.7944928957182785,1.088797390479742,7.207379310344827,2.1718522273633103,3.52,13.69,24.831091854419412,26.215638118977918,7.15874719619751,1.972969889640808,-0.04863259756154028,1.1830871105194092
soft,general_shelf_life,random_forest,5,V7|HMMC_NAT|NATAMYCIN_REVIEW,8783,17,6,-0.3348773867987247,1.9959463639016193,2.0508606954463793,8.091764705882353,1.7750699581710532,5.17,11.41,24.572538995787315,26.11195259825902,6.095818341980735,1.4365673443000362,-1.9959463639016193,10.102524757385254
soft,general_shelf_life,lightgbm,5,V7|HMMC_NAT|NATAMYCIN_REVIEW,8783,17,6,0.4719701409807956,1.1788160061368271,1.28986635515777,8.091764705882353,1.7750699581710532,5.17,11.41,24.572538995787315,26.11195259825902,6.912948699745526,1.705390648060552,-1.1788160061368271,8.361584186553955
soft,general_shelf_life,xgboost,5,V7|HMMC_NAT|NATAMYCIN_REVIEW,8783,17,6,0.3780590403885905,1.2315505285824049,1.3998775656800488,8.091764705882353,1.7750699581710532,5.17,11.41,24.572538995787315,26.11195259825902,6.8602142333984375,1.3418868780136108,-1.2315505285824049,1.2857475280761719
soft,general_shelf_life,random_forest,6,V7|RICOTTA_MAP|NATAMYCIN_REVIEW,8792,8,6,0.07171539093504486,0.9394608382936506,0.9818676993188047,9.4575,1.0190896673011653,7.33,10.93,24.554425614194724,26.104754915037518,8.51803916170635,0.9999378197565003,-0.9394608382936506,14.777820825576782
soft,general_shelf_life,lightgbm,6,V7|RICOTTA_MAP|NATAMYCIN_REVIEW,8792,8,6,0.7901313320078622,0.4296164549394219,0.46685950077519006,9.4575,1.0190896673011653,7.33,10.93,24.554425614194724,26.104754915037518,9.492658335909042,0.9561539260079425,0.03515833590904194,9.239454984664917
soft,general_shelf_life,xgboost,6,V7|RICOTTA_MAP|NATAMYCIN_REVIEW,8792,8,6,-0.27863181590142316,1.0484146595001222,1.1523519778937223,9.4575,1.0190896673011653,7.33,10.93,24.554425614194724,26.104754915037518,9.382574081420898,1.2135237455368042,-0.07492568016052248,1.4119017124176025
soft,safety_endpoint,random_forest,0,V7|FDA_LM|LM_CHALLENGE|MARKET_LM,3221,1579,10,0.8201372338317888,4.996077048858186,7.234229522839882,27.24291323622546,17.05774624706336,2.52,60.0,33.933821794473765,15.457551963832916,27.290533838945514,14.295316782003784,0.04762060272005467,5.759491443634033
soft,safety_endpoint,lightgbm,0,V7|FDA_LM|LM_CHALLENGE|MARKET_LM,3221,1579,10,0.831198807977418,4.4173867606787045,7.008247069375839,27.24291323622546,17.05774624706336,2.52,60.0,33.933821794473765,15.457551963832916,27.52697880725897,14.98710213279407,0.28406557103350816,7.376718759536743
soft,safety_endpoint,xgboost,0,V7|FDA_LM|LM_CHALLENGE|MARKET_LM,3221,1579,10,0.8019424661049768,5.348432597932822,7.59132059919484,27.24291323622546,17.05774624706336,2.52,60.0,33.933821794473765,15.457551963832916,27.528291702270508,14.056117057800293,0.28537988538301184,1.063300371170044
soft,safety_endpoint,random_forest,1,V7|RISK_REVIEW|PH_CHEESE,3680,1120,10,0.7487554835069192,5.3752179978322765,7.055582538624167,36.4306875,14.07617251430032,3.37,59.9,30.302997282608697,16.66752352793721,37.11963244478909,10.55195070715211,0.6889449447890862,4.581433534622192
soft,safety_endpoint,lightgbm,1,V7|RISK_REVIEW|PH_CHEESE,3680,1120,10,0.7998485675774449,4.206068134569568,6.29743845889843,36.4306875,14.07617251430032,3.37,59.9,30.302997282608697,16.66752352793721,37.12355202696627,11.75884819885816,0.692864526966275,6.308916091918945
soft,safety_endpoint,xgboost,1,V7|RISK_REVIEW|PH_CHEESE,3680,1120,10,0.671176151415912,6.328418031147549,8.071722724544776,36.4306875,14.07617251430032,3.37,59.9,30.302997282608697,16.66752352793721,37.097511291503906,10.057167053222656,0.6668205132484437,0.7738213539123535
soft,safety_endpoint,random_forest,2,V7|S_AUREUS|S_AUREUS_REVIEW|PH_CHEESE,4261,539,10,0.8121044701615736,4.607430234071484,5.98535646676243,36.45679035250463,13.808032371512803,5.56,59.93,31.135224125792067,16.500785292137074,36.43907677125287,10.06899652604105,-0.017713581251769923,4.9054741859436035
soft,safety_endpoint,lightgbm,2,V7|S_AUREUS|S_AUREUS_REVIEW|PH_CHEESE,4261,539,10,0.9027541568893304,3.037917917772988,4.3059335112170585,36.45679035250463,13.808032371512803,5.56,59.93,31.135224125792067,16.500785292137074,36.268595588603254,11.560104667256311,-0.18819476390137854,3.8555586338043213
soft,safety_endpoint,xgboost,2,V7|S_AUREUS|S_AUREUS_REVIEW|PH_CHEESE,4261,539,10,0.6455921722480467,6.57390894314796,8.220220159976824,36.45679035250463,13.808032371512803,5.56,59.93,31.135224125792067,16.500785292137074,36.43072509765625,9.05053424835205,-0.02606370313711627,0.8361291885375977
soft,safety_endpoint,random_forest,3,V7|RISK_REVIEW|PH_CHEESE|PLANT_REVIEW,4316,484,10,0.9569265434014127,2.1449929002092922,2.9037024544018357,37.440847107438024,13.990951440709575,4.12,59.9,31.092685356811863,16.423812714805,37.24598310280628,12.216063245981324,-0.1948640046317359,4.797818660736084
soft,safety_endpoint,lightgbm,3,V7|RISK_REVIEW|PH_CHEESE|PLANT_REVIEW,4316,484,10,0.9809801144326938,1.3773126992486104,1.9295285063271719,37.440847107438024,13.990951440709575,4.12,59.9,31.092685356811863,16.423812714805,37.406071301764136,12.967913546434493,-0.0347758056738796,3.0016930103302
soft,safety_endpoint,xgboost,3,V7|RISK_REVIEW|PH_CHEESE|PLANT_REVIEW,4316,484,10,0.8180148686946902,4.767357000201201,5.968500058232063,37.440847107438024,13.990951440709575,4.12,59.9,31.092685356811863,16.423812714805,37.135799407958984,10.345243453979492,-0.30504868960577586,0.6550807952880859
soft,safety_endpoint,random_forest,4,V7|FDA_LM|LM_CHALLENGE|MARKET_LM|PLANT_REVIEW,4443,357,10,0.9882009016903655,1.2967259198063386,1.8057246808315877,27.285798319327732,16.623678237508052,3.15,60.0,32.09011253657439,16.229014158291267,27.050106215202284,16.063011439164317,-0.2356921041254442,5.460486888885498
soft,safety_endpoint,lightgbm,4,V7|FDA_LM|LM_CHALLENGE|MARKET_LM|PLANT_REVIEW,4443,357,10,0.9940778095577621,0.8809413277733006,1.2792879488409756,27.285798319327732,16.623678237508052,3.15,60.0,32.09011253657439,16.229014158291267,27.05436404407773,16.31882368992138,-0.23143427525000113,3.307917356491089
soft,safety_endpoint,xgboost,4,V7|FDA_LM|LM_CHALLENGE|MARKET_LM|PLANT_REVIEW,4443,357,10,0.9289415722475582,3.0918061291670598,4.431338450574142,27.285798319327732,16.623678237508052,3.15,60.0,32.09011253657439,16.229014158291267,26.845796585083008,15.121967315673828,-0.4400006162819741,0.6963558197021484
soft,safety_endpoint,random_forest,5,V7|S_AUREUS|S_AUREUS_REVIEW|PH_CHEESE|PLANT_REVIEW,4487,313,10,0.9260260609598625,2.6516252795613666,3.684116863143784,36.58115015974441,13.545468335024513,7.38,59.93,31.394584354802763,16.429603939995012,36.614305393033256,11.49288336441221,0.033155233288844774,5.020298004150391
soft,safety_endpoint,lightgbm,5,V7|S_AUREUS|S_AUREUS_REVIEW|PH_CHEESE|PLANT_REVIEW,4487,313,10,0.9603052697107243,1.8627237612979741,2.6987363149950983,36.58115015974441,13.545468335024513,7.38,59.93,31.394584354802763,16.429603939995012,36.58155683212736,12.206933022338498,0.0004066723829523858,3.359361410140991
soft,safety_endpoint,xgboost,5,V7|S_AUREUS|S_AUREUS_REVIEW|PH_CHEESE|PLANT_REVIEW,4487,313,10,0.7435153788067499,5.468030855526178,6.860009076921593,36.58115015974441,13.545468335024513,7.38,59.93,31.394584354802763,16.429603939995012,36.771934509277344,9.423822402954102,0.1907812219077407,0.722022294998169
soft,safety_endpoint,random_forest,6,V7|FDA_LM|LM_CHALLENGE|MARKET_LM|RICOTTA_NISIN,4684,116,10,0.6066876153769087,1.8248216662169263,4.027960878244928,10.437068965517238,6.422682195270964,2.85,38.05,32.260183603757476,16.12418117822588,9.62999229738772,4.10276434775774,-0.8070766681295239,5.630649566650391
soft,safety_endpoint,lightgbm,6,V7|FDA_LM|LM_CHALLENGE|MARKET_LM|RICOTTA_NISIN,4684,116,10,0.613015281175636,1.9503153478375457,3.995428295638611,10.437068965517238,6.422682195270964,2.85,38.05,32.260183603757476,16.12418117822588,9.844954156316716,3.8982404386574596,-0.5921148092005274,6.936036109924316
soft,safety_endpoint,xgboost,6,V7|FDA_LM|LM_CHALLENGE|MARKET_LM|RICOTTA_NISIN,4684,116,10,0.5982117490438896,2.204239576027311,4.071130739539067,10.437068965517238,6.422682195270964,2.85,38.05,32.260183603757476,16.12418117822588,10.28580093383789,3.784578561782837,-0.1512667840924756,0.9998085498809814
soft,safety_endpoint,random_forest,7,V7|FDA_LM|LM_CHALLENGE|MARKET_LM|FETA_OREGANO,4688,112,10,-0.16645305498376217,13.229710298416235,14.793776974264368,34.81071428571429,13.697630120512356,14.49,58.57,31.65925767918089,16.357669821573666,38.008134226633366,2.3347598340868623,3.1974199409190827,5.394436597824097
soft,safety_endpoint,lightgbm,7,V7|FDA_LM|LM_CHALLENGE|MARKET_LM|FETA_OREGANO,4688,112,10,-0.2563760746212018,13.487085411900514,15.353424702682556,34.81071428571429,13.697630120512356,14.49,58.57,31.65925767918089,16.357669821573666,37.16531164008649,3.5252317241784965,2.354597354372209,3.111637592315674
soft,safety_endpoint,xgboost,7,V7|FDA_LM|LM_CHALLENGE|MARKET_LM|FETA_OREGANO,4688,112,10,-0.1643170070216622,13.55087728840964,14.78022533704749,34.81071428571429,13.697630120512356,14.49,58.57,31.65925767918089,16.357669821573666,37.90200424194336,2.798069953918457,3.09129365171705,0.935309886932373
soft,safety_endpoint,random_forest,8,V7|FDA_LM|LM_CHALLENGE|MARKET_LM|QF_MARKET,4704,96,10,0.5463746765641476,2.4126538845204277,3.2017791416914227,10.504375000000001,4.753819914136596,3.71,25.57,32.16602465986395,16.171447729073417,12.035087571614582,3.854525034486391,1.530712571614582,6.218173980712891
soft,safety_endpoint,lightgbm,8,V7|FDA_LM|LM_CHALLENGE|MARKET_LM|QF_MARKET,4704,96,10,0.4625570931925096,2.7045848185589993,3.485049037211374,10.504375000000001,4.753819914136596,3.71,25.57,32.16602465986395,16.171447729073417,12.05480175196554,4.128282009085076,1.550426751965541,7.36188817024231
soft,safety_endpoint,xgboost,8,V7|FDA_LM|LM_CHALLENGE|MARKET_LM|QF_MARKET,4704,96,10,0.4589472948589849,2.7426344456275302,3.4967333206835107,10.504375000000001,4.753819914136596,3.71,25.57,32.16602465986395,16.171447729073417,12.283599853515625,3.638364553451538,1.7792243121067681,1.0000028610229492
soft,safety_endpoint,random_forest,9,V7|FETA_OREGANO|RISK_REVIEW|PH_CHEESE,4742,58,10,0.42938037912136184,6.3696014249794795,8.390526655006326,41.10293103448275,11.107488466333265,21.23,59.65,31.618184310417544,16.327610238751586,39.16533294899425,6.858948935175264,-1.9375980854885138,4.142574310302734
soft,safety_endpoint,lightgbm,9,V7|FETA_OREGANO|RISK_REVIEW|PH_CHEESE,4742,58,10,0.452828867587143,5.250200330205444,8.216322157764619,41.10293103448275,11.107488466333265,21.23,59.65,31.618184310417544,16.327610238751586,38.81653159703,8.661217126447035,-2.2863994374527565,2.6767079830169678
soft,safety_endpoint,xgboost,9,V7|FETA_OREGANO|RISK_REVIEW|PH_CHEESE,4742,58,10,0.19921073844426085,7.450561384003738,9.939739241765048,41.10293103448275,11.107488466333265,21.23,59.65,31.618184310417544,16.327610238751586,37.68546676635742,6.293917179107666,-3.41746038765743,0.8571910858154297
soft,safety_endpoint,random_forest,10,V7|FETA_OREGANO|RISK_REVIEW|PH_CHEESE|PLANT_REVIEW,4774,26,10,0.9430333680894054,2.362341485181484,2.94085088916724,39.77192307692307,12.321475941570402,21.23,59.65,31.68900921658986,16.315692932381417,40.13753488462927,9.736390380859397,0.3656118077061984,4.066416263580322
soft,safety_endpoint,lightgbm,10,V7|FETA_OREGANO|RISK_REVIEW|PH_CHEESE|PLANT_REVIEW,4774,26,10,0.9815627434629551,1.1544336990008257,1.67305755973114,39.77192307692307,12.321475941570402,21.23,59.65,31.68900921658986,16.315692932381417,40.37962853861794,11.248417943269944,0.6077054616948653,2.51789927482605
soft,safety_endpoint,xgboost,10,V7|FETA_OREGANO|RISK_REVIEW|PH_CHEESE|PLANT_REVIEW,4774,26,10,0.776827051099847,5.189936224130485,5.820811151432103,39.77192307692307,12.321475941570402,21.23,59.65,31.68900921658986,16.315692932381417,40.1201171875,6.979757785797119,0.34819132291353666,0.6753051280975342
semi_hard,general_shelf_life,random_forest,0,V7|HARD_SEMI_REVIEW,4187,3013,11,0.8467117320543069,7.65431210731712,9.512696655069735,60.120056422170585,24.296806193440236,18.6,195.64,81.15254597563889,58.58209751361582,65.65781156068932,25.069754485211543,5.537755138518733,4.084003210067749
semi_hard,general_shelf_life,lightgbm,0,V7|HARD_SEMI_REVIEW,4187,3013,11,0.9041283885976387,5.708650470234849,7.52305441289464,60.120056422170585,24.296806193440236,18.6,195.64,81.15254597563889,58.58209751361582,64.08340626611043,25.782989994499324,3.963349843939839,2.255470037460327
semi_hard,general_shelf_life,xgboost,0,V7|HARD_SEMI_REVIEW,4187,3013,11,0.8965075658573779,6.088770713945421,7.816340863890835,60.120056422170585,24.296806193440236,18.6,195.64,81.15254597563889,58.58209751361582,63.772666931152344,24.958995819091797,3.652611397136457,1.075655460357666
semi_hard,general_shelf_life,random_forest,1,V7|HARD_SEMI_REVIEW|PLANT_REVIEW,5162,2038,11,0.8931804668398382,6.5868212744012675,9.046309721110907,66.98877330716388,27.67872717528394,22.01,209.85,74.46809763657497,54.40656056693454,62.193356868582676,24.34224700127884,-4.795416438581213,5.580059289932251
semi_hard,general_shelf_life,lightgbm,1,V7|HARD_SEMI_REVIEW|PLANT_REVIEW,5162,2038,11,0.9400485441315798,4.766028154328788,6.77713258273017,66.98877330716388,27.67872717528394,22.01,209.85,74.46809763657497,54.40656056693454,63.7380253335992,24.67228617119815,-3.2507479735646903,3.8329930305480957
semi_hard,general_shelf_life,xgboost,1,V7|HARD_SEMI_REVIEW|PLANT_REVIEW,5162,2038,11,0.9136047756873283,5.875031201603134,8.135626142830674,66.98877330716388,27.67872717528394,22.01,209.85,74.46809763657497,54.40656056693454,63.670265197753906,24.197528839111328,-3.318511821159085,0.7860937118530273
semi_hard,general_shelf_life,random_forest,2,V7|CLOSTRIDIA|CLOSTRIDIA_GRANA|HARD_SEMI_REVIEW,6580,620,11,0.6118396085152905,26.885025329242875,33.814939211069515,185.6031129032258,54.27539620354484,64.65,260.0,61.67986474164134,31.17539178543914,181.65554471091096,41.25091305971529,-3.9475681923148547,9.020505428314209
semi_hard,general_shelf_life,lightgbm,2,V7|CLOSTRIDIA|CLOSTRIDIA_GRANA|HARD_SEMI_REVIEW,6580,620,11,0.6721996456053019,24.57098789306482,31.07475489681093,185.6031129032258,54.27539620354484,64.65,260.0,61.67986474164134,31.17539178543914,184.21902278657257,45.42887490866522,-1.3840901166532333,2.687685251235962
semi_hard,general_shelf_life,xgboost,2,V7|CLOSTRIDIA|CLOSTRIDIA_GRANA|HARD_SEMI_REVIEW,6580,620,11,0.5191070503297146,30.384303872877553,37.63805802166144,185.6031129032258,54.27539620354484,64.65,260.0,61.67986474164134,31.17539178543914,175.28121948242188,40.7811164855957,-10.3218915626772,0.8324811458587646
semi_hard,general_shelf_life,random_forest,3,V7|HARD_SEMI_REVIEW|SALOIO_COATING,6854,346,11,0.37393821564924135,4.1262411395071705,4.945245503158456,29.83089595375723,6.249989091841195,16.8,49.86,74.49751240151735,48.69514760322791,33.730368304866296,6.770432459056267,3.8994723511090728,8.368396759033203
semi_hard,general_shelf_life,lightgbm,3,V7|HARD_SEMI_REVIEW|SALOIO_COATING,6854,346,11,0.5615963525908794,3.520369991021506,4.13824633145048,29.83089595375723,6.249989091841195,16.8,49.86,74.49751240151735,48.69514760322791,33.04220750244015,6.503107128780305,3.2113115486829247,6.660099983215332
semi_hard,general_shelf_life,xgboost,3,V7|HARD_SEMI_REVIEW|SALOIO_COATING,6854,346,11,0.26996053197380354,4.621292924605353,5.340137374406161,29.83089595375723,6.249989091841195,16.8,49.86,74.49751240151735,48.69514760322791,34.24314880371094,6.5214948654174805,4.41225285546628,1.1121971607208252
semi_hard,general_shelf_life,random_forest,4,V7|HARD_SEMI_REVIEW|LMM_MAP,6867,333,11,0.8047827379146716,5.697363607414228,7.244520984352721,55.1651951951952,16.396477823665634,21.23,93.55,73.18442260084461,49.359264738460425,56.22895655846594,13.73817649133015,1.0637613632707428,7.372199773788452
semi_hard,general_shelf_life,lightgbm,4,V7|HARD_SEMI_REVIEW|LMM_MAP,6867,333,11,0.8727137430762013,4.763374731643733,5.849804115784681,55.1651951951952,16.396477823665634,21.23,93.55,73.18442260084461,49.359264738460425,55.363876267686365,14.160304207282431,0.1986810724911664,7.443620920181274
semi_hard,general_shelf_life,xgboost,4,V7|HARD_SEMI_REVIEW|LMM_MAP,6867,333,11,0.8456418077455139,5.223566608371677,6.441921196784221,55.1651951951952,16.396477823665634,21.23,93.55,73.18442260084461,49.359264738460425,55.49972915649414,12.655754089355469,0.334531630095061,1.1098852157592773
semi_hard,general_shelf_life,random_forest,5,V7|HARD_SEMI_REVIEW|SALOIO_COATING|PLANT_REVIEW,6908,292,11,0.5951889290065355,3.709908211410213,4.776840302583875,34.00804794520548,7.5078317527657905,18.65,52.15,73.97178488708744,48.81199243926242,31.42121297549554,5.540410700655971,-2.586834969709944,7.553403377532959
semi_hard,general_shelf_life,lightgbm,5,V7|HARD_SEMI_REVIEW|SALOIO_COATING|PLANT_REVIEW,6908,292,11,0.8607465157775434,2.2124438242204367,2.8016737875271813,34.00804794520548,7.5078317527657905,18.65,52.15,73.97178488708744,48.81199243926242,34.461426916350135,6.636651183405167,0.45337897114464987,7.687320232391357
semi_hard,general_shelf_life,xgboost,5,V7|HARD_SEMI_REVIEW|SALOIO_COATING|PLANT_REVIEW,6908,292,11,0.7108248960406987,3.130039944322142,4.037336814468166,34.00804794520548,7.5078317527657905,18.65,52.15,73.97178488708744,48.81199243926242,35.96689224243164,7.187294006347656,1.9588466291558255,1.035919427871704
semi_hard,general_shelf_life,random_forest,6,V7|HARD_SEMI_REVIEW|LMM_MAP|PLANT_REVIEW,6973,227,11,0.7935061519593808,6.490592666650838,8.46913680774348,60.91704845814978,18.637411303584344,24.79,113.33,72.72325684784168,49.10423929924152,57.390656415439366,14.351198524429794,-3.526392042710415,8.13620138168335
semi_hard,general_shelf_life,lightgbm,6,V7|HARD_SEMI_REVIEW|LMM_MAP|PLANT_REVIEW,6973,227,11,0.9375407266704672,3.320652910602312,4.657834499093151,60.91704845814978,18.637411303584344,24.79,113.33,72.72325684784168,49.10423929924152,60.53725803964158,16.104032905002374,-0.3797904185081997,5.9575090408325195
semi_hard,general_shelf_life,xgboost,6,V7|HARD_SEMI_REVIEW|LMM_MAP|PLANT_REVIEW,6973,227,11,0.834930798459149,5.72032963219193,7.57213965046055,60.91704845814978,18.637411303584344,24.79,113.33,72.72325684784168,49.10423929924152,59.99290084838867,13.297969818115234,-0.9241463325937413,1.1546227931976318
semi_hard,general_shelf_life,random_forest,7,V7|HARD_SEMI_REVIEW|NATAMYCIN_REVIEW,7043,157,11,0.9429556338999511,5.284282227195575,6.948633935612092,66.85885350318472,29.093304589440383,26.3,166.25,72.47346301292063,48.81856246939747,61.98855570993275,26.092534381652275,-4.8702977932519556,8.213006734848022
semi_hard,general_shelf_life,lightgbm,7,V7|HARD_SEMI_REVIEW|NATAMYCIN_REVIEW,7043,157,11,0.9666416519759696,3.988266660998907,5.31367907777672,66.85885350318472,29.093304589440383,26.3,166.25,72.47346301292063,48.81856246939747,63.93194512889733,27.12003389118432,-2.92690837428738,7.911198854446411
semi_hard,general_shelf_life,xgboost,7,V7|HARD_SEMI_REVIEW|NATAMYCIN_REVIEW,7043,157,11,0.9160195118891754,5.9643368311596525,8.431061379325802,66.85885350318472,29.093304589440383,26.3,166.25,72.47346301292063,48.81856246939747,61.988468170166016,24.869157791137695,-4.8703888925928975,1.1924872398376465
semi_hard,general_shelf_life,random_forest,8,V7|CLOSTRIDIA|CLOSTRIDIA_GRANA|HARD_SEMI_REVIEW|SALOIO_COATING,7124,76,11,0.6477207228093372,20.77244609004758,28.394206473134144,187.33302631578945,47.83945107334852,86.02,260.0,71.12438658057272,46.99494994076852,184.16992235068017,52.9525969094005,-3.163103965109298,10.888496160507202
semi_hard,general_shelf_life,lightgbm,8,V7|CLOSTRIDIA|CLOSTRIDIA_GRANA|HARD_SEMI_REVIEW|SALOIO_COATING,7124,76,11,0.5967225811021588,22.941825880644643,30.380025927485345,187.33302631578945,47.83945107334852,86.02,260.0,71.12438658057272,46.99494994076852,181.5769893274621,52.69096726074666,-5.756036988327362,7.685190439224243
semi_hard,general_shelf_life,xgboost,8,V7|CLOSTRIDIA|CLOSTRIDIA_GRANA|HARD_SEMI_REVIEW|SALOIO_COATING,7124,76,11,0.6507994818303491,20.587333076878593,28.26985803070822,187.33302631578945,47.83945107334852,86.02,260.0,71.12438658057272,46.99494994076852,182.29103088378906,52.252052307128906,-5.041997841282895,1.2961194515228271
semi_hard,general_shelf_life,random_forest,9,V7|CLOSTRIDIA|CLOSTRIDIA_GRANA|HARD_SEMI_REVIEW|LMM_MAP,7136,64,11,0.6074987951260526,29.231253278893455,32.69816801287123,149.87656249999998,52.19187796662995,72.18,260.0,71.65573710762331,47.881894790787044,170.82752497183378,44.377377526543405,20.950962471833776,12.170578479766846
semi_hard,general_shelf_life,lightgbm,9,V7|CLOSTRIDIA|CLOSTRIDIA_GRANA|HARD_SEMI_REVIEW|LMM_MAP,7136,64,11,0.7225035904190923,22.576172939188414,27.493599884406947,149.87656249999998,52.19187796662995,72.18,260.0,71.65573710762331,47.881894790787044,160.18847731999506,44.80046655293612,10.311914819995076,6.99680757522583
semi_hard,general_shelf_life,xgboost,9,V7|CLOSTRIDIA|CLOSTRIDIA_GRANA|HARD_SEMI_REVIEW|LMM_MAP,7136,64,11,0.6062989501302302,27.730837574005125,32.7481077272965,149.87656249999998,52.19187796662995,72.18,260.0,71.65573710762331,47.881894790787044,166.07870483398438,43.98502731323242,16.202150440216066,1.0298101902008057
semi_hard,general_shelf_life,random_forest,10,V7|HARD_SEMI_REVIEW|SALOIO_COATING|NATAMYCIN_REVIEW,7178,22,11,0.7707957513123329,3.1351068727863094,3.5724714622734104,34.41590909090909,7.462037656815699,23.36,47.76,72.46730147673448,48.50795792966567,31.519575811196376,5.635981398409651,-2.896333279712714,10.036375761032104
semi_hard,general_shelf_life,lightgbm,10,V7|HARD_SEMI_REVIEW|SALOIO_COATING|NATAMYCIN_REVIEW,7178,22,11,0.9037821833290466,1.7546339898624597,2.3146492270717265,34.41590909090909,7.462037656815699,23.36,47.76,72.46730147673448,48.50795792966567,34.429924081443794,5.822306775799117,0.014014990534704775,7.096185922622681
semi_hard,general_shelf_life,xgboost,10,V7|HARD_SEMI_REVIEW|SALOIO_COATING|NATAMYCIN_REVIEW,7178,22,11,0.8783031993728421,2.189955967989835,2.6031369502383956,34.41590909090909,7.462037656815699,23.36,47.76,72.46730147673448,48.50795792966567,35.93802261352539,6.15153694152832,1.5221120487559923,1.4180076122283936
semi_hard,general_shelf_life,random_forest,11,V7|HARD_SEMI_REVIEW|LMM_MAP|NATAMYCIN_REVIEW,7188,12,11,0.9548769871739679,2.2302027778529205,2.637755578924369,54.60333333333333,12.417538224445117,37.0,79.12,72.38066221480246,48.51342835066373,53.50152545386903,12.82415339201685,-1.101807879464299,10.79033899307251
semi_hard,general_shelf_life,lightgbm,11,V7|HARD_SEMI_REVIEW|LMM_MAP|NATAMYCIN_REVIEW,7188,12,11,0.9474394271347246,2.3789231385092577,2.846856330254046,54.60333333333333,12.417538224445117,37.0,79.12,72.38066221480246,48.51342835066373,55.87864319108699,12.748246246862635,1.2753098577536512,7.241072416305542
semi_hard,general_shelf_life,xgboost,11,V7|HARD_SEMI_REVIEW|LMM_MAP|NATAMYCIN_REVIEW,7188,12,11,0.9328033353200764,2.841986262003582,3.218913929076356,54.60333333333333,12.417538224445117,37.0,79.12,72.38066221480246,48.51342835066373,55.22481155395508,11.300540924072266,0.6214775848388671,1.140953779220581
semi_hard,safety_endpoint,random_forest,0,V7|FDA_LM|LM_CHALLENGE|MARKET_LM,2703,1297,7,0.6757635240190709,9.455391490291975,11.96691052172856,56.762606013878184,21.01605074806486,2.82,89.99,60.12512023677396,18.994572772159522,56.30271714535941,14.409464190002273,-0.45988886851877375,4.049130439758301
semi_hard,safety_endpoint,lightgbm,0,V7|FDA_LM|LM_CHALLENGE|MARKET_LM,2703,1297,7,0.7142521094912468,8.0794502390044,11.234212253710494,56.762606013878184,21.01605074806486,2.82,89.99,60.12512023677396,18.994572772159522,55.75572358622349,16.11154480240078,-1.0068824276546904,6.194771766662598
semi_hard,safety_endpoint,xgboost,0,V7|FDA_LM|LM_CHALLENGE|MARKET_LM,2703,1297,7,0.626984490480269,10.401182173528209,12.835552082848837,56.762606013878184,21.01605074806486,2.82,89.99,60.12512023677396,18.994572772159522,56.2508544921875,13.912321090698242,-0.511755421130402,0.8675100803375244
semi_hard,safety_endpoint,random_forest,1,V7|RISK_REVIEW|PH_CHEESE,2954,1046,7,0.6241423573260089,8.001201862375995,10.742922906826525,60.08602294455067,17.523093019302976,30.0,95.86,58.66259986459039,20.44890792568381,60.9636151410086,9.726073964443692,0.8775921964579346,4.7090654373168945
semi_hard,safety_endpoint,lightgbm,1,V7|RISK_REVIEW|PH_CHEESE,2954,1046,7,0.718807289950903,5.593910157155092,9.292076894480608,60.08602294455067,17.523093019302976,30.0,95.86,58.66259986459039,20.44890792568381,60.92190323031054,13.11684741128998,0.8358802857598777,7.13296365737915
semi_hard,safety_endpoint,xgboost,1,V7|RISK_REVIEW|PH_CHEESE,2954,1046,7,0.47573446243851014,9.908458939619777,12.687802845991229,60.08602294455067,17.523093019302976,30.0,95.86,58.66259986459039,20.44890792568381,60.92677307128906,8.174168586730957,0.8407525045420428,0.8876180648803711
semi_hard,safety_endpoint,random_forest,2,V7|S_AUREUS|S_AUREUS_REVIEW|PH_CHEESE,3502,498,7,0.7682522530982925,7.964727309486865,10.292281692332564,61.19977911646587,21.379813071664657,3.76,99.14,58.726958880639636,19.471066801995967,60.456843876979775,14.734543165950509,-0.7429352394860832,6.0131025314331055
semi_hard,safety_endpoint,lightgbm,2,V7|S_AUREUS|S_AUREUS_REVIEW|PH_CHEESE,3502,498,7,0.8665478016806827,4.568708697853824,7.8102829881670734,61.19977911646587,21.379813071664657,3.76,99.14,58.726958880639636,19.471066801995967,61.36383184945557,18.21983100539786,0.16405273298970102,7.07175087928772
semi_hard,safety_endpoint,xgboost,2,V7|S_AUREUS|S_AUREUS_REVIEW|PH_CHEESE,3502,498,7,0.6993848330817526,9.22281698736321,11.72220596482677,61.19977911646587,21.379813071664657,3.76,99.14,58.726958880639636,19.471066801995967,60.82905197143555,14.037491798400879,-0.37072774730054187,0.7251050472259521
semi_hard,safety_endpoint,random_forest,3,V7|RISK_REVIEW|PH_CHEESE|PLANT_REVIEW,3518,482,7,0.9440403275996077,2.968838438439153,4.003661464786865,61.42939834024896,16.92465272819374,30.0,95.86,58.706745309835135,20.06795220906226,60.86745130583974,13.784065643326851,-0.561947034409232,4.381207227706909
semi_hard,safety_endpoint,lightgbm,3,V7|RISK_REVIEW|PH_CHEESE|PLANT_REVIEW,3518,482,7,0.9874027801127732,1.1028950869210672,1.8995779571683111,61.42939834024896,16.92465272819374,30.0,95.86,58.706745309835135,20.06795220906226,61.21743625877885,15.971458393614874,-0.21196208147011594,2.3846027851104736
semi_hard,safety_endpoint,xgboost,3,V7|RISK_REVIEW|PH_CHEESE|PLANT_REVIEW,3518,482,7,0.7512399058425371,6.791754966197667,8.44131530417827,61.42939834024896,16.92465272819374,30.0,95.86,58.706745309835135,20.06795220906226,60.69618606567383,9.84529972076416,-0.7332095441382949,0.6229815483093262
semi_hard,safety_endpoint,random_forest,4,V7|FDA_LM|LM_CHALLENGE|MARKET_LM|PLANT_REVIEW,3669,331,7,0.9821348488007813,2.210726692020007,2.7824144718767174,55.58664652567976,20.817015972780716,4.36,89.68,59.3459035159444,19.60538756621896,55.73331865706864,19.069241142954848,0.14667213138887608,4.457299470901489
semi_hard,safety_endpoint,lightgbm,4,V7|FDA_LM|LM_CHALLENGE|MARKET_LM|PLANT_REVIEW,3669,331,7,0.9951605919588974,1.0671242316925968,1.448153493631753,55.58664652567976,20.817015972780716,4.36,89.68,59.3459035159444,19.60538756621896,55.90550396704899,20.13732422672299,0.31885744136922983,2.4408302307128906
semi_hard,safety_endpoint,xgboost,4,V7|FDA_LM|LM_CHALLENGE|MARKET_LM|PLANT_REVIEW,3669,331,7,0.8528494279015192,6.505915520832257,7.985451069322278,55.58664652567976,20.817015972780716,4.36,89.68,59.3459035159444,19.60538756621896,56.168121337890625,15.940713882446289,0.5814782048136083,1.0270860195159912
semi_hard,safety_endpoint,random_forest,5,V7|S_AUREUS|S_AUREUS_REVIEW|PH_CHEESE|PLANT_REVIEW,3730,270,7,0.9464946503645943,3.6801242650955226,4.771019269595889,60.72659259259261,20.625883834277992,5.06,99.14,58.91236461126005,19.664020145840297,60.60422902147387,17.78634118700132,-0.1223635711187139,5.212040662765503
semi_hard,safety_endpoint,lightgbm,5,V7|S_AUREUS|S_AUREUS_REVIEW|PH_CHEESE|PLANT_REVIEW,3730,270,7,0.9851691432761882,1.5576116126063269,2.511861486710457,60.72659259259261,20.625883834277992,5.06,99.14,58.91236461126005,19.664020145840297,60.847815297728545,19.5997373701175,0.1212227051359616,2.856048583984375
semi_hard,safety_endpoint,xgboost,5,V7|S_AUREUS|S_AUREUS_REVIEW|PH_CHEESE|PLANT_REVIEW,3730,270,7,0.8354559152943768,6.8772715095943875,8.366690512785432,60.72659259259261,20.625883834277992,5.06,99.14,58.91236461126005,19.664020145840297,60.907291412353516,15.028423309326172,0.18070412678188805,0.5561215877532959
semi_hard,safety_endpoint,random_forest,6,V7|KASHAR_EO|RISK_REVIEW|PH_CHEESE,3946,54,7,0.5812504883216867,8.875382448492878,10.913245476452884,62.12611111111111,16.864628051664457,38.76,89.08,58.99252154080081,19.768716762746234,61.4735327486171,8.297000424160558,-0.6525783624940088,4.795942544937134
semi_hard,safety_endpoint,lightgbm,6,V7|KASHAR_EO|RISK_REVIEW|PH_CHEESE,3946,54,7,0.6170348519071414,6.725400720286273,10.436536434617237,62.12611111111111,16.864628051664457,38.76,89.08,58.99252154080081,19.768716762746234,61.154247156148664,10.99716680994559,-0.9718639549624368,8.21614670753479
semi_hard,safety_endpoint,xgboost,6,V7|KASHAR_EO|RISK_REVIEW|PH_CHEESE,3946,54,7,0.2690699907509867,12.54544009173358,14.4183201211741,62.12611111111111,16.864628051664457,38.76,89.08,58.99252154080081,19.768716762746234,62.024810791015625,4.521564483642578,-0.10129537511754884,1.1798558235168457
semi_hard,safety_endpoint,random_forest,7,V7|KASHAR_EO|RISK_REVIEW|PH_CHEESE|PLANT_REVIEW,3978,22,7,0.9720174001240585,2.459506072453497,2.672036520270633,65.07227272727272,15.973436452668475,38.76,87.47,59.00143539467069,19.749354517227477,64.33844794720743,13.554580300263211,-0.7338247800652976,7.968737602233887
semi_hard,safety_endpoint,lightgbm,7,V7|KASHAR_EO|RISK_REVIEW|PH_CHEESE|PLANT_REVIEW,3978,22,7,0.9945300285727098,0.9891343267255283,1.1813834627594801,65.07227272727272,15.973436452668475,38.76,87.47,59.00143539467069,19.749354517227477,64.9219428780355,15.096016626871254,-0.15032984923725062,7.5259881019592285
semi_hard,safety_endpoint,xgboost,7,V7|KASHAR_EO|RISK_REVIEW|PH_CHEESE|PLANT_REVIEW,3978,22,7,0.6804818179462528,8.160321731567382,9.029135002953511,65.07227272727272,15.973436452668475,38.76,87.47,59.00143539467069,19.749354517227477,62.89858627319336,7.9141950607299805,-2.1736814256147903,0.9010231494903564
hard,general_shelf_life,random_forest,0,V7|HARD_SEMI_REVIEW,3259,2741,7,0.8009718201384649,8.572855096671995,10.46829712549953,74.62669463699379,23.464902565515267,23.61,155.87,100.19694998465786,53.3025958690869,80.19214977064294,22.859235042734056,5.565455133649133,2.9195902347564697
hard,general_shelf_life,lightgbm,0,V7|HARD_SEMI_REVIEW,3259,2741,7,0.723083142403335,10.239447896238767,12.347909919199527,74.62669463699379,23.464902565515267,23.61,155.87,100.19694998465786,53.3025958690869,83.34614107514038,24.447307750503708,8.71944643814658,6.697184324264526
hard,general_shelf_life,xgboost,0,V7|HARD_SEMI_REVIEW,3259,2741,7,0.5199214235539328,13.362183684022353,16.258291960640424,74.62669463699379,23.464902565515267,23.61,155.87,100.19694998465786,53.3025958690869,85.19606018066406,23.119897842407227,10.569360296895843,1.0852603912353516
hard,general_shelf_life,random_forest,1,V7|HARD_SEMI_REVIEW|PLANT_REVIEW,3803,2197,7,0.8018453749555134,8.756853214777909,11.45779014934961,82.01142922166592,25.739420036056664,29.09,177.67,92.27307914804102,51.6359281452895,75.57509286928205,21.4699270094644,-6.436336352383869,3.594433069229126
hard,general_shelf_life,lightgbm,1,V7|HARD_SEMI_REVIEW|PLANT_REVIEW,3803,2197,7,0.8571501260713316,7.566916739827325,9.728338818949121,82.01142922166592,25.739420036056664,29.09,177.67,92.27307914804102,51.6359281452895,76.56561169669425,22.397232202893115,-5.445817524971649,2.8211469650268555
hard,general_shelf_life,xgboost,1,V7|HARD_SEMI_REVIEW|PLANT_REVIEW,3803,2197,7,0.8305629665040754,8.21155680754101,10.595047953955829,82.01142922166592,25.739420036056664,29.09,177.67,92.27307914804102,51.6359281452895,76.03826141357422,22.003236770629883,-5.973169250106291,0.826744794845581
hard,general_shelf_life,random_forest,2,V7|CLOSTRIDIA|CLOSTRIDIA_GRANA|HARD_SEMI_REVIEW,5380,620,7,-3.8595091818413882,67.37646094343997,83.12631287389192,189.03080645161288,37.70876542655298,69.5,240.0,76.9320687732342,26.835828617680143,126.79199769813464,48.999036955903684,-62.23880875347826,7.1052632331848145
hard,general_shelf_life,lightgbm,2,V7|CLOSTRIDIA|CLOSTRIDIA_GRANA|HARD_SEMI_REVIEW,5380,620,7,-2.6651366449557217,55.090598760087666,72.19172169134767,189.03080645161288,37.70876542655298,69.5,240.0,76.9320687732342,26.835828617680143,144.87339906735502,53.30885988411933,-44.15740738425785,6.284246444702148
hard,general_shelf_life,xgboost,2,V7|CLOSTRIDIA|CLOSTRIDIA_GRANA|HARD_SEMI_REVIEW,5380,620,7,-2.305473224307274,57.32945220012049,68.55815723679439,189.03080645161288,37.70876542655298,69.5,240.0,76.9320687732342,26.835828617680143,136.4841766357422,37.98508071899414,-52.546621706562654,1.4300222396850586
hard,general_shelf_life,random_forest,3,V7|HARD_SEMI_REVIEW|NATAMYCIN_REVIEW,5830,170,7,0.9057437019071102,5.5179010520117195,7.360362104510409,79.74,23.97419266873542,31.29,137.71,88.7714974271012,44.66537528829803,75.66691811639667,20.88679597918549,-4.07308188360333,8.185981035232544
hard,general_shelf_life,lightgbm,3,V7|HARD_SEMI_REVIEW|NATAMYCIN_REVIEW,5830,170,7,0.9441110939933437,4.448693123060172,5.667699232874574,79.74,23.97419266873542,31.29,137.71,88.7714974271012,44.66537528829803,79.21772132743637,20.696319425005328,-0.5222786725636461,9.296546697616577
hard,general_shelf_life,xgboost,3,V7|HARD_SEMI_REVIEW|NATAMYCIN_REVIEW,5830,170,7,0.9102285976487446,5.579583938598634,7.183117919708196,79.74,23.97419266873542,31.29,137.71,88.7714974271012,44.66537528829803,77.93291473388672,20.42966651916504,-1.8070827753403602,1.3505301475524902
hard,general_shelf_life,random_forest,4,V7|HARD_SEMI_REVIEW|SHRED_NAT,5865,135,7,-0.37667654538955153,7.707508674188982,9.715997543088728,38.385851851851854,8.280783679605602,17.29,61.88,89.66948678601877,44.06011629935754,45.32806889622414,5.917684978480539,6.942217044372296,8.95396375656128
hard,general_shelf_life,lightgbm,4,V7|HARD_SEMI_REVIEW|SHRED_NAT,5865,135,7,0.16174961597656767,6.358110577138814,7.581555528622159,38.385851851851854,8.280783679605602,17.29,61.88,89.66948678601877,44.06011629935754,43.94911304395012,5.950206910929885,5.563261192098275,17.42414093017578
hard,general_shelf_life,xgboost,4,V7|HARD_SEMI_REVIEW|SHRED_NAT,5865,135,7,-0.6629075515088183,9.55158211319535,10.678382970888432,38.385851851851854,8.280783679605602,17.29,61.88,89.66948678601877,44.06011629935754,47.771240234375,7.125486850738525,9.38538432764124,1.5197808742523193
hard,general_shelf_life,random_forest,5,V7|HARD_SEMI_REVIEW|SHRED_NAT|PLANT_REVIEW,5903,97,7,0.5256228436349757,4.1308075943436515,5.203311859882925,42.536391752577316,7.554713035079903,23.18,62.99,89.27115026257835,44.191757166220526,39.275929995323274,5.3412158862104855,-3.260461757254054,6.9811484813690186
hard,general_shelf_life,lightgbm,5,V7|HARD_SEMI_REVIEW|SHRED_NAT|PLANT_REVIEW,5903,97,7,0.575855205215603,3.865208643457822,4.9201126131908675,42.536391752577316,7.554713035079903,23.18,62.99,89.27115026257835,44.191757166220526,45.86049698947547,7.86864810659031,3.3241052368981534,22.857284784317017
hard,general_shelf_life,xgboost,5,V7|HARD_SEMI_REVIEW|SHRED_NAT|PLANT_REVIEW,5903,97,7,-0.8711529908979598,8.95719881745958,10.334099087645642,42.536391752577316,7.554713035079903,23.18,62.99,89.27115026257835,44.191757166220526,51.454837799072266,9.307779312133789,8.918445869524454,1.802933692932129
hard,general_shelf_life,random_forest,6,V7|CLOSTRIDIA|CLOSTRIDIA_GRANA|HARD_SEMI_REVIEW|SHRED_NAT,5968,32,7,0.7340647106719637,12.667781860006322,16.809327765685747,184.3103125,32.59585369379584,115.81,220.0,88.00196045576409,43.7301892489974,185.48641544180214,33.20188228562976,1.1761029418021116,8.466308355331421
hard,general_shelf_life,lightgbm,6,V7|CLOSTRIDIA|CLOSTRIDIA_GRANA|HARD_SEMI_REVIEW|SHRED_NAT,5968,32,7,0.7047635382909092,14.5457367635589,17.71117424518273,184.3103125,32.59585369379584,115.81,220.0,88.00196045576409,43.7301892489974,181.51480862029877,32.52579924086555,-2.7955038797012444,23.92981219291687
hard,general_shelf_life,xgboost,6,V7|CLOSTRIDIA|CLOSTRIDIA_GRANA|HARD_SEMI_REVIEW|SHRED_NAT,5968,32,7,0.6996683449123364,14.686526594161988,17.863350288104158,184.3103125,32.59585369379584,115.81,220.0,88.00196045576409,43.7301892489974,179.9293670654297,32.42644500732422,-4.380942335128787,2.1533589363098145
hard,general_shelf_life,random_forest,7,V7|HARD_SEMI_REVIEW|SHRED_NAT|NATAMYCIN_REVIEW,5992,8,7,-0.3063601428957814,9.484956062748015,10.028616067492084,50.224999999999994,8.77424070789034,31.7,64.75,88.56672730307078,44.24422353945444,40.74004393725198,6.215393554185083,-9.484956062748015,7.512680292129517
hard,general_shelf_life,lightgbm,7,V7|HARD_SEMI_REVIEW|SHRED_NAT|NATAMYCIN_REVIEW,5992,8,7,0.7487367329646832,3.5122392595849683,4.398190595941477,50.224999999999994,8.77424070789034,31.7,64.75,88.56672730307078,44.24422353945444,48.09038757963184,6.705367678716157,-2.134612420368162,12.109490871429443
hard,general_shelf_life,xgboost,7,V7|HARD_SEMI_REVIEW|SHRED_NAT|NATAMYCIN_REVIEW,5992,8,7,0.6167477996997148,3.5307494163513193,5.4319013356446515,50.224999999999994,8.77424070789034,31.7,64.75,88.56672730307078,44.24422353945444,47.189422607421875,5.608075141906738,-3.0355788230895997,1.632664442062378
hard,safety_endpoint,random_forest,0,V7|FDA_LM|LM_CHALLENGE|MARKET_LM,2243,957,9,0.3938397913848497,13.025516832766664,16.295970131616983,82.30694879832811,20.930832783577852,45.11,119.95,82.64398127507802,20.876600114574003,82.88710894355775,9.471863430946575,0.5801601452296492,7.789052248001099
hard,safety_endpoint,lightgbm,0,V7|FDA_LM|LM_CHALLENGE|MARKET_LM,2243,957,9,0.42482433955603394,11.314466521656241,15.87401396564924,82.30694879832811,20.930832783577852,45.11,119.95,82.64398127507802,20.876600114574003,81.60981835032781,13.882701794043156,-0.697130448000301,19.077974796295166
hard,safety_endpoint,xgboost,0,V7|FDA_LM|LM_CHALLENGE|MARKET_LM,2243,957,9,0.36615228392260246,13.081590337324792,16.663989106238617,82.30694879832811,20.930832783577852,45.11,119.95,82.64398127507802,20.876600114574003,82.47855377197266,10.935166358947754,0.17160671158394955,1.1460585594177246
hard,safety_endpoint,random_forest,1,V7|RISK_REVIEW|PH_CHEESE,2310,890,9,0.6243120337680081,9.392552963138604,12.386355552402957,81.66431460674156,20.20830556895947,45.23,119.9,82.88180086580087,21.141690651334137,81.63460654150344,11.294939189348376,-0.02970806523812072,4.900655031204224
hard,safety_endpoint,lightgbm,1,V7|RISK_REVIEW|PH_CHEESE,2310,890,9,0.751044635380263,6.334338363465748,10.08302037473502,81.66431460674156,20.20830556895947,45.23,119.9,82.88180086580087,21.141690651334137,81.02381692390703,15.704500506269047,-0.6404976828345347,22.061771154403687
hard,safety_endpoint,xgboost,1,V7|RISK_REVIEW|PH_CHEESE,2310,890,9,0.5776614312901883,10.0703871514824,13.132888954811916,81.66431460674156,20.20830556895947,45.23,119.9,82.88180086580087,21.141690651334137,81.91802978515625,11.522727012634277,0.2537142011663881,1.199575662612915
hard,safety_endpoint,random_forest,2,V7|RISK_REVIEW|PH_CHEESE|PLANT_REVIEW,2794,406,9,0.9457047069359357,3.5783547697270492,4.693579568364277,81.67349753694582,20.14295088922812,45.26,119.9,82.6695633500358,20.99722422145811,81.76961466999651,16.224325136319006,0.09611713305068299,4.722764730453491
hard,safety_endpoint,lightgbm,2,V7|RISK_REVIEW|PH_CHEESE|PLANT_REVIEW,2794,406,9,0.9964857303562373,0.6652102379368937,1.1940998242507723,81.67349753694582,20.14295088922812,45.26,119.9,82.6695633500358,20.99722422145811,81.7934067660279,19.554981143204127,0.11990922908209678,25.024627208709717
hard,safety_endpoint,xgboost,2,V7|RISK_REVIEW|PH_CHEESE|PLANT_REVIEW,2794,406,9,0.8538068864500201,6.060405422642901,7.7016991822052905,81.67349753694582,20.14295088922812,45.26,119.9,82.6695633500358,20.99722422145811,81.76949310302734,13.834033012390137,0.09600470820083938,1.3047764301300049
hard,safety_endpoint,random_forest,3,V7|S_AUREUS|S_AUREUS_REVIEW|PH_CHEESE,2900,300,9,0.6737838663951828,10.08072593012567,12.611762838302901,83.0203,22.08122063904077,46.31,118.75,82.49383103448275,20.766023032806185,82.39071232443783,12.065662741588934,-0.629587675562162,3.774484872817993
hard,safety_endpoint,lightgbm,3,V7|S_AUREUS|S_AUREUS_REVIEW|PH_CHEESE,2900,300,9,0.876055562757408,4.893373573197267,7.773857890561246,83.0203,22.08122063904077,46.31,118.75,82.49383103448275,20.766023032806185,82.77807888679187,17.511999134138083,-0.2422211132081313,9.847212553024292
hard,safety_endpoint,xgboost,3,V7|S_AUREUS|S_AUREUS_REVIEW|PH_CHEESE,2900,300,9,0.6402487897802562,10.641707703653971,13.244153607183973,83.0203,22.08122063904077,46.31,118.75,82.49383103448275,20.766023032806185,81.6572265625,11.481492042541504,-1.3630770741780596,1.2898306846618652
hard,safety_endpoint,random_forest,4,V7|FDA_LM|LM_CHALLENGE|MARKET_LM|PLANT_REVIEW,2973,227,9,0.956713864832935,3.48777383126815,4.551840192136049,83.22541850220266,21.87825100677851,45.11,119.95,82.49109653548604,20.81537340214199,82.95056579599094,17.90275203652321,-0.27485270621172664,3.2385995388031006
hard,safety_endpoint,lightgbm,4,V7|FDA_LM|LM_CHALLENGE|MARKET_LM|PLANT_REVIEW,2973,227,9,0.9970400087110206,0.5502387089526085,1.1903037919219064,83.22541850220266,21.87825100677851,45.11,119.95,82.49109653548604,20.81537340214199,83.19309722965056,21.255654786644737,-0.032321272552083245,10.054314851760864
hard,safety_endpoint,xgboost,4,V7|FDA_LM|LM_CHALLENGE|MARKET_LM|PLANT_REVIEW,2973,227,9,0.8571871691494811,6.688540282396493,8.267919025465297,83.22541850220266,21.87825100677851,45.11,119.95,82.49109653548604,20.81537340214199,83.13494110107422,14.761335372924805,-0.09048452637794291,1.7050256729125977
hard,safety_endpoint,random_forest,5,V7|S_AUREUS|S_AUREUS_REVIEW|PH_CHEESE|PLANT_REVIEW,3040,160,9,0.9203458214896704,4.846057687251992,6.113399717903313,82.19818749999999,21.66100043487936,46.31,117.58,82.56134539473683,20.852063011635774,82.37972449578373,16.687419872754965,0.18153699578373753,6.6465067863464355
hard,safety_endpoint,lightgbm,5,V7|S_AUREUS|S_AUREUS_REVIEW|PH_CHEESE|PLANT_REVIEW,3040,160,9,0.9928864031477551,0.7905976035745423,1.8269351662063271,82.19818749999999,21.66100043487936,46.31,117.58,82.56134539473683,20.852063011635774,82.07466068459186,20.89747693944125,-0.12352681540812971,13.249941349029541
hard,safety_endpoint,xgboost,5,V7|S_AUREUS|S_AUREUS_REVIEW|PH_CHEESE|PLANT_REVIEW,3040,160,9,0.8116320060948707,7.786399591445923,9.40117349271062,82.19818749999999,21.66100043487936,46.31,117.58,82.56134539473683,20.852063011635774,82.13400268554688,14.06230354309082,-0.06418362236022909,1.1941499710083008
hard,safety_endpoint,random_forest,6,V7|CHEDDAR_SALMONELLA|RISK_REVIEW|PH_CHEESE,3098,102,9,0.480577484688434,11.778389148788332,15.341962584921887,89.26392156862741,21.287297701794582,45.57,119.92,82.32191091026469,20.843492539445055,85.1652262900362,10.44478365823241,-4.09869527859126,3.3806607723236084
hard,safety_endpoint,lightgbm,6,V7|CHEDDAR_SALMONELLA|RISK_REVIEW|PH_CHEESE,3098,102,9,0.6320689609758738,7.9924929304931585,12.912304147108863,89.26392156862741,21.287297701794582,45.57,119.92,82.32191091026469,20.843492539445055,87.94544573110069,15.20554065939083,-1.3184758375267656,21.211337566375732
hard,safety_endpoint,xgboost,6,V7|CHEDDAR_SALMONELLA|RISK_REVIEW|PH_CHEESE,3098,102,9,0.40083571171298915,12.745096073524623,16.477582471453772,89.26392156862741,21.287297701794582,45.57,119.92,82.32191091026469,20.843492539445055,85.68286895751953,10.00500774383545,-3.581058968936694,1.2741777896881104
hard,safety_endpoint,random_forest,7,V7|CHEDDAR_ECOLI|RISK_REVIEW|PH_CHEESE,3120,80,9,0.5604647383929153,10.696668211377148,13.796921706950718,82.94475,20.81063532037165,45.2,119.97,82.53289102564102,20.895420145386577,84.788675437748,9.489051475677606,1.8439254377479912,4.489825963973999
hard,safety_endpoint,lightgbm,7,V7|CHEDDAR_ECOLI|RISK_REVIEW|PH_CHEESE,3120,80,9,0.7284498495728029,6.357728232458921,10.844520715379545,82.94475,20.81063532037165,45.2,119.97,82.53289102564102,20.895420145386577,84.6992469721755,15.041365555360603,1.754496972175493,9.916418075561523
hard,safety_endpoint,xgboost,7,V7|CHEDDAR_ECOLI|RISK_REVIEW|PH_CHEESE,3120,80,9,0.6604799588699686,9.387885828018188,12.12601346779223,82.94475,20.81063532037165,45.2,119.97,82.53289102564102,20.895420145386577,84.42303466796875,10.5017671585083,1.478285860061646,1.2665674686431885
hard,safety_endpoint,random_forest,8,V7|CHEDDAR_SALMONELLA|RISK_REVIEW|PH_CHEESE|PLANT_REVIEW,3154,46,9,0.9053747116551084,4.846942227162972,6.3201171333035315,88.72173913043478,20.545727293500796,52.05,119.92,82.45307545973367,20.88491229785982,87.09436709003857,15.714874792340213,-1.6273720403962064,3.834906816482544
hard,safety_endpoint,lightgbm,8,V7|CHEDDAR_SALMONELLA|RISK_REVIEW|PH_CHEESE|PLANT_REVIEW,3154,46,9,0.9923398212031049,0.9783181452992007,1.7982123361065172,88.72173913043478,20.545727293500796,52.05,119.92,82.45307545973367,20.88491229785982,88.6433682937863,19.50892845793077,-0.07837083664848073,15.506906747817993
hard,safety_endpoint,xgboost,8,V7|CHEDDAR_SALMONELLA|RISK_REVIEW|PH_CHEESE|PLANT_REVIEW,3154,46,9,0.8826496460316526,5.60325442770253,7.0382343176597235,88.72173913043478,20.545727293500796,52.05,119.92,82.45307545973367,20.88491229785982,87.13680267333984,14.791511535644531,-1.5849319789720613,1.1672987937927246
hard,safety_endpoint,random_forest,9,V7|CHEDDAR_ECOLI|RISK_REVIEW|PH_CHEESE|PLANT_REVIEW,3168,32,9,0.9708171885752059,2.5473098051666323,3.1865850226758567,86.190625,18.653569353058813,45.2,119.97,82.5063446969697,20.911559279797792,85.58590087822984,15.78462134135635,-0.604724121770172,4.8170716762542725
hard,safety_endpoint,lightgbm,9,V7|CHEDDAR_ECOLI|RISK_REVIEW|PH_CHEESE|PLANT_REVIEW,3168,32,9,0.9992317662668522,0.3158993561562724,0.5170215350150237,86.190625,18.653569353058813,45.2,119.97,82.5063446969697,20.911559279797792,86.15877028326284,18.33513984666351,-0.031854716737159894,14.778461217880249
hard,safety_endpoint,xgboost,9,V7|CHEDDAR_ECOLI|RISK_REVIEW|PH_CHEESE|PLANT_REVIEW,3168,32,9,0.9162949010362805,4.29003252506256,5.396819626922696,86.190625,18.653569353058813,45.2,119.97,82.5063446969697,20.911559279797792,85.25144958496094,13.853814125061035,-0.9391824483871449,1.3291072845458984
